-2.734385,-0.46972442,0.04065369,22.0,
-2.7384608,-0.46477827,0.0044600326,15.0,
-2.743263,-0.45313358,-0.025165394,20.0,
2.726779,-0.45313358,-0.025165394,16.0,
2.6874466,-0.46941844,-2.7299984E-4,11.0,
2.6314173,-0.4521119,0.07256623,20.0,
2.6336484,-0.4662344,0.056996062,13.0,
2.6528232,-0.48022056,0.02449179,16.0,
2.6324868,-0.4915351,0.034658175,67.0,
2.6388073,-0.48120904,0.037773132,0.0,
2.6428344,-0.4674698,0.04605285,0.0,
2.6498847,-0.46156454,0.043871038,16.0,
2.647991,-0.46396893,0.043744944,16.0,
2.6451802,-0.48116648,0.031322435,17.0,
2.6532505,-0.48116648,0.031322435,28.0,
2.6489077,-0.48584998,0.0315001,0.0,
2.623491,-0.48860916,0.05475538,21.0,
2.6093485,-0.4891623,0.06920893,19.0,
2.6110506,-0.48467672,0.07186048,14.0,
2.6070597,-0.4842546,0.07665442,15.0,
2.6070476,-0.4929633,0.067848474,32.0,
2.6027498,-0.48435166,0.081328906,6.0,
2.6240344,-0.4681649,0.07376952,27.0,
2.655056,-0.4496846,0.056791525,16.0,
2.6699116,-0.4473331,0.043031774,16.0,
2.6830668,-0.42979252,0.04325349,17.0,
2.7034085,-0.42979252,0.04325349,9.0,
2.6979012,-0.44905323,0.034491025,10.0,
2.67276,-0.44254437,0.0661937,19.0,
2.644323,-0.4643189,0.078631066,40.0,
2.6195188,-0.50518376,0.06658721,0.0,
2.5356753,-0.56833476,0.08367615,19.0,
2.611051,-0.5193999,0.061079435,26.0,
2.6006489,-0.5716885,0.016719297,25.0,
2.5958898,-0.5029345,0.094568394,7.0,
2.5793917,-0.47397432,0.14621614,23.0,
2.60471,-0.4749134,0.113814026,15.0,
2.629945,-0.4749134,0.113814026,26.0,
2.6269724,-0.48920396,0.103297085,11.0,
2.599898,-0.5195347,0.10253352,3.0,
2.5848155,-0.5313116,0.10638169,32.0,
2.5594025,-0.53333473,0.13347977,7.0,
2.5810997,-0.5290502,0.11315744,21.0,
2.6267936,-0.5039659,0.08897808,17.0,
2.6317725,-0.4990889,0.0883264,21.0,
2.6392622,-0.5000635,0.07932878,16.0,
2.6544783,-0.493082,0.069695674,27.0,
2.6354065,-0.49424642,0.08902237,14.0,
2.6568644,-0.49424642,0.08902237,8.0,
2.6396782,-0.49528208,0.10694151,10.0,
2.632964,-0.49158543,0.11814202,18.0,
2.6071424,-0.5028641,0.13695636,28.0,
2.5886068,-0.5149257,0.14608993,12.0,
2.5760996,-0.5327538,0.1405267,21.0,
2.5718737,-0.54576373,0.12999061,17.0,
2.5876746,-0.5268052,0.13369799,21.0,
2.6120589,-0.4972332,0.13700928,33.0,
2.6338859,-0.4814469,0.12693919,11.0,
2.63722,-0.48459375,0.11999288,16.0,
2.657571,-0.48459375,0.11999288,5.0,
2.6650536,-0.4930475,0.104089685,11.0,
2.6645653,-0.515439,0.08465006,21.0,
2.663717,-0.52595013,0.076084726,15.0,
2.6472235,-0.52098495,0.09755004,29.0,
2.6572666,-0.50048673,0.105864845,16.0,
2.6548996,-0.48598322,0.12175815,13.0,
2.6539962,-0.48924342,0.119789064,19.0,
2.6400115,-0.51572347,0.11029507,20.0,
2.627641,-0.53685766,0.10261928,20.0,
2.6224482,-0.54095554,0.103908844,27.0,
2.6305258,-0.54095554,0.103908844,1.0,
2.6272473,-0.51613766,0.13250504,12.0,
2.6295469,-0.5111179,0.13495354,20.0,
2.6605456,-0.4838144,0.12563433,19.0,
2.6896315,-0.5177722,0.065689206,23.0,
2.6936018,-0.4899926,0.08445842,12.0,
2.7053344,-0.48047414,0.07984063,26.0,
2.694559,-0.48221588,0.08974339,16.0,
2.681743,-0.49946603,0.0889341,18.0,
2.6684208,-0.50947547,0.0941433,30.0,
2.653166,-0.5141438,0.10598436,17.0,
2.660629,-0.5141438,0.10598436,9.0,
2.65556,-0.517576,0.10819066,0.0,
2.664032,-0.51199603,0.10433926,60.0,
2.6816978,-0.50573164,0.09141237,0.0,
2.6921358,-0.5025125,0.08341987,0.0,
2.6975217,-0.49846268,0.08123871,138.0,
2.7200582,-0.49846268,0.08123871,0.0,
2.7158895,-0.49491632,0.088132866,0.0,
2.7240195,-0.49456954,0.0801922,0.0,
2.711518,-0.49611682,0.09166479,0.0,
2.6853628,-0.5006381,0.11531678,0.0,
2.6703155,-0.5067617,0.12621121,0.0,
2.6780915,-0.50593305,0.11855231,8.0,
2.6942446,-0.5096823,0.09848235,32.0,
2.6959968,-0.5171018,0.090608545,0.0,
2.6976078,-0.5241534,0.08323713,28.0,
2.6914244,-0.5250579,0.08856357,29.0,
2.6976883,-0.51018953,0.09455909,0.0,
2.7031004,-0.5057192,0.09267671,59.0,
2.7075331,-0.51292235,0.08251684,0.0,
2.7029262,-0.5195372,0.081777334,0.0,
2.7038465,-0.51827514,0.08188773,39.0,
2.7274978,-0.51827514,0.08188773,0.0,
2.7276366,-0.51870203,0.08143463,10.0,
2.714938,-0.5138278,0.09761455,60.0,
2.705859,-0.50636446,0.11275341,0.0,
2.7151906,-0.50556874,0.10377793,0.0,
2.7176812,-0.5139536,0.09478253,128.0,
2.727076,-0.5139536,0.09478253,0.0,
2.730604,-0.5135668,0.091584176,0.0,
2.7336648,-0.50613457,0.09403241,0.0,
2.7384243,-0.50613135,0.089303575,0.0,
2.7427888,-0.5052434,0.08563302,0.0,
2.7483065,-0.50289166,0.081870735,0.0,
2.729567,-0.516625,0.09032708,11.0,
2.7430484,-0.51097,0.08130603,47.0,
2.7844656,-0.49489224,0.052414175,0.0,
2.7874453,-0.4932164,0.050635166,0.0,
2.7245538,-0.50337315,0.105294466,59.0,
2.6790025,-0.53141004,0.12942837,0.0,
2.724825,-0.5375452,0.07909218,0.0,
2.726912,-0.5375452,0.07909218,79.0,
2.7727292,-0.53186846,0.042137522,0.0,
2.822168,-0.5336129,-1.486988E-4,0.0,
2.845163,-0.5553288,-0.029212955,0.0,
2.8640363,-0.60064566,-0.06421187,12.0,
2.7465618,-0.55908465,0.0460153,61.0,
2.782729,-0.4381614,0.09092796,0.0,
2.8619618,-0.28981617,0.07496566,0.0,
2.850268,-0.2550739,0.10361419,84.0,
2.7960658,-0.25108838,0.17782512,0.0,
2.7145123,-0.19439667,0.33792096,0.0,
2.7092052,-0.20058429,0.3434925,0.0,
2.7281356,-0.31917435,0.23472968,0.0,
2.7205331,-0.31917435,0.23472968,39.0,
2.7218966,-0.33377123,0.2230205,0.0,
2.7790575,-0.36803213,0.1317558,14.0,
2.8625648,-0.39262933,0.032933045,61.0,
2.8026974,-0.34166452,0.119369,0.0,
2.7828746,-0.35625654,0.13408376,0.0,
2.8472877,-0.36310592,0.060928464,122.0,
2.8255663,-0.36310592,0.060928464,0.0,
2.8863099,-0.3519823,0.0068428987,0.0,
2.8887615,-0.35699308,0.0026997777,0.0,
2.8672628,-0.37991536,0.0137606,0.0,
2.832417,-0.37121513,0.050405417,0.0,
2.852546,-0.31402203,0.055200536,0.0,
2.8871555,-0.29902408,0.025160093,16.0,
2.9464366,-0.33922076,-0.04492921,61.0,
3.0133412,-0.36909464,-0.11023428,0.0,
3.0340736,-0.34732544,-0.124261245,0.0,
2.9979637,-0.34732544,-0.124261245,130.0,
2.9638596,-0.34903103,-0.0947509,0.0,
2.9557803,-0.45553014,-0.116220064,0.0,
3.0674312,-0.5288414,-0.20313282,0.0,
-3.021022,-0.59893227,-0.30325118,0.0,
-2.9899588,-0.59998876,-0.31805003,0.0,
-3.0552998,-0.5513777,-0.29311335,0.0,
3.0888603,-0.55557555,-0.21770242,0.0,
2.9672139,-0.55122256,-0.14974083,69.0,
2.8943064,-0.5704517,-0.114653036,0.0,
2.8851051,-0.49987206,-0.08095946,0.0,
2.8639498,-0.4203963,-0.03215068,0.0,
2.837713,-0.4203963,-0.03215068,128.0,
2.8419383,-0.39032158,-0.022144362,0.0,
2.818074,-0.4158936,-0.0131403515,0.0,
2.820157,-0.43505695,-0.024427952,0.0,
2.8651896,-0.4310131,-0.059409052,0.0,
2.89782,-0.4310366,-0.08515298,0.0,
2.9093435,-0.44155377,-0.09768625,0.0,
2.892,-0.43115297,-0.08066372,71.0,
2.8226504,-0.40854308,-0.013545309,0.0,
2.8118768,-0.41077244,-0.0051178,0.0,
2.8174655,-0.44258803,-0.02595743,0.0,
2.78666,-0.44258803,-0.02595743,127.0,
2.8126793,-0.45749807,-0.054277,0.0,
2.8481016,-0.4251249,-0.06628041,0.0,
2.825857,-0.42695785,-0.049499214,0.0,
2.7806993,-0.4496442,-0.025084343,0.0,
2.7572591,-0.3808555,0.035545643,0.0,
2.764323,-0.2699073,0.0908519,0.0,
2.7758381,-0.29862705,0.06251555,10.0,
2.8047197,-0.34610328,0.008505263,62.0,
2.8599255,-0.35976443,-0.04854373,0.0,
2.9069946,-0.36258623,-0.090046585,0.0,
2.8764675,-0.36258623,-0.090046585,124.0,
2.895842,-0.34416965,-0.09950619,0.0,
2.8298151,-0.29573965,-0.021255089,0.0,
2.7178736,-0.26091543,0.118258685,0.0,
2.6805334,-0.35476512,0.09864666,0.0,
2.7553124,-0.41660702,-0.015155823,0.0,
2.8546457,-0.46119457,-0.11330671,0.0,
3.0198421,-0.5117152,-0.22725105,12.0,
-3.1249933,-0.56271917,-0.29847258,61.0,
-3.1127431,-0.6372653,-0.30076006,0.0,
2.8920062,-0.5883985,-0.18598339,0.0,
2.828261,-0.5883985,-0.18598339,123.0,
2.84043,-0.45502642,-0.13037723,0.0,
2.909863,-0.4498269,-0.17387955,0.0,
2.8596938,-0.38787237,-0.115675256,0.0,
2.8259346,-0.37398687,-0.0828818,0.0,
2.7787325,-0.39997417,-0.057057317,0.0,
2.7329385,-0.3937061,-0.014093208,0.0,
2.7427938,-0.4110809,-0.033485554,14.0,
2.7666693,-0.37379622,-0.032289024,61.0,
2.7782753,-0.34856752,-0.028998572,0.0,
2.7725503,-0.333224,-0.015453974,0.0,
2.7661831,-0.34183288,-0.014094022,123.0,
2.738563,-0.34183288,-0.014094022,0.0,
2.7366033,-0.32314712,-0.0011330725,0.0,
2.75783,-0.3119246,-0.015293687,0.0,
2.7509875,-0.32326135,-0.015060295,0.0,
2.7355404,-0.34030938,-0.0103413,0.0,
2.7574143,-0.34536362,-0.033480305,0.0,
2.7747953,-0.36204368,-0.057879888,15.0,
2.7640028,-0.32526976,-0.028431812,61.0,
2.7166052,-0.36664256,-0.009054346,0.0,
2.6704035,-0.36969462,0.03309137,0.0,
2.6477067,-0.36969462,0.03309137,130.0,
2.665265,-0.38766834,0.0013352911,0.0,
2.6763098,-0.38976878,-0.010834092,0.0,
2.660089,-0.40790272,-0.009334465,0.0,
2.6619043,-0.39756826,-0.0030239192,0.0,
2.6198661,-0.41693598,0.021967173,0.0,
2.594581,-0.42077118,0.044280097,0.0,
2.5967345,-0.42919,0.034049425,7.0,
2.5996764,-0.4346716,0.025903793,62.0,
2.5924368,-0.43735886,0.030588882,0.0,
2.5800016,-0.44281223,0.037839364,0.0,
2.5850492,-0.44281223,0.037839364,129.0,
2.5938046,-0.4444504,0.027038708,0.0,
2.6158502,-0.44526488,0.004102261,0.0,
2.616744,-0.45063177,-0.0016650462,0.0,
2.5847404,-0.46593073,0.014920024,0.0,
2.5415235,-0.4755822,0.04934438,0.0,
2.5361674,-0.46803582,0.06404627,0.0,
2.5625954,-0.45879528,0.04525965,9.0,
2.5855947,-0.45512766,0.024921132,61.0,
2.582429,-0.4697225,0.013373401,0.0,
2.570526,-0.47819352,0.016389638,0.0,
2.5655298,-0.47096995,0.02910447,129.0,
2.5619628,-0.4643034,0.03999494,0.0,
2.577804,-0.4608244,0.02712513,0.0,
2.582104,-0.46274593,0.020782229,0.0,
2.5639691,-0.4699052,0.03185735,0.0,
2.5637474,-0.4865378,0.014193125,0.0,
2.5923514,-0.4865378,0.014193125,0.0,
2.6127105,-0.46315187,0.017720006,10.0,
2.590486,-0.45476153,0.04742205,61.0,
2.5827837,-0.44621533,0.06395607,0.0,
2.5792692,-0.48022422,0.032853965,0.0,
2.5941882,-0.48022422,0.032853965,125.0,
2.576699,-0.48963308,0.039961938,0.0,
2.5675914,-0.4922441,0.04600261,0.0,
2.5708733,-0.49223486,0.042830933,0.0,
2.5600545,-0.49024603,0.0556056,0.0,
2.550465,-0.49461317,0.06039678,0.0,
2.562491,-0.5007631,0.04173089,0.0,
2.574612,-0.50141233,0.029610528,12.0,
2.5901783,-0.49326125,0.023623124,62.0,
2.5855706,-0.49185678,0.029293623,0.0,
2.5793843,-0.4890471,0.038001396,0.0,
2.5704942,-0.48795798,0.04773831,64.0,
2.5689101,-0.49528983,0.041470557,0.0,
2.5670543,-0.5054609,0.032337133,0.0,
2.5491934,-0.515414,0.038108062,0.0,
2.5339596,-0.51850384,0.049129117,59.0,
2.564045,-0.51850384,0.049129117,0.0,
2.5573971,-0.5268705,0.046168983,0.0,
2.5557597,-0.5287678,0.04558545,13.0,
2.5636523,-0.5237205,0.043699756,62.0,
2.549483,-0.5380284,0.040902697,0.0,
2.5646129,-0.53370273,0.031691756,0.0,
2.5810313,-0.52165544,0.029602181,54.0,
2.579469,-0.51744235,0.035519473,0.0,
2.583293,-0.51760083,0.031777564,0.0,
2.610768,-0.4949814,0.028898308,47.0,
2.6167152,-0.4923795,0.025833355,0.0,
2.6126995,-0.49775368,0.024438076,0.0,
2.6362803,-0.49775368,0.024438076,19.0,
2.63333,-0.50198984,0.02332137,33.0,
2.628197,-0.50450754,0.02579365,0.0,
2.617074,-0.51197076,0.029142221,44.0,
2.5874968,-0.5350322,0.033524908,0.0,
2.5884435,-0.5375804,0.029934641,22.0,
2.5960624,-0.5271962,0.033687197,0.0,
2.6289744,-0.5271962,0.033687197,108.0,
2.6361313,-0.5196936,0.03416516,0.0,
2.637904,-0.52001315,0.03223781,0.0,
2.6489499,-0.5207732,0.021542927,0.0,
2.6348543,-0.51957214,0.0354581,0.0,
2.6316051,-0.52493876,0.033415325,0.0,
2.6291142,-0.53101116,0.02993118,26.0,
2.6283283,-0.53471124,0.027113454,42.0,
2.6214702,-0.5311418,0.036777478,0.0,
2.6214306,-0.52410465,0.04366497,128.0,
2.638209,-0.52410465,0.04366497,0.0,
2.634539,-0.5266836,0.044765122,0.0,
2.6636622,-0.5198147,0.02349694,0.0,
2.6734393,-0.51616687,0.01762548,0.0,
2.682054,-0.51370597,0.011824713,0.0,
2.6783752,-0.51810366,0.011516346,0.0,
2.6147566,-0.5596683,0.03080342,0.0,
2.6148236,-0.54182225,0.04890181,28.0,
2.6433198,-0.51037943,0.051488195,21.0,
2.6789992,-0.4871096,0.036583595,0.0,
2.6920416,-0.49487263,0.017814284,20.0,
2.6745503,-0.5467983,-0.009241056,38.0,
2.627617,-0.56253165,0.016471969,0.0,
2.6033587,-0.5470653,0.05461403,89.0,
2.630118,-0.5470653,0.05461403,0.0,
2.6261368,-0.5369503,0.06886615,0.0,
2.639459,-0.5335233,0.058489207,0.0,
2.6643655,-0.5333443,0.033922,0.0,
2.6904628,-0.524629,0.016588867,29.0,
2.7006125,-0.5156678,0.014300765,0.0,
2.6989422,-0.5109534,0.019637862,41.0,
2.6981366,-0.5065567,0.023922827,0.0,
2.693939,-0.50632215,0.028198356,77.0,
2.6772158,-0.5168787,0.03581393,0.0,
2.6662855,-0.530934,0.03421647,0.0,
2.6796746,-0.5266888,0.025055273,0.0,
2.6730263,-0.5207434,0.036599807,49.0,
2.6877718,-0.5207434,0.036599807,0.0,
2.673956,-0.520794,0.050503086,0.0,
2.678173,-0.5306602,0.03763733,31.0,
2.6969182,-0.5219608,0.026595559,0.0,
2.7153907,-0.5134704,0.015472374,41.0,
2.591549,-0.5268926,0.13728784,0.0,
2.6148334,-0.5977835,0.03333635,125.0,
2.8330262,-0.4591742,-0.059688926,0.0,
2.852851,-0.44391763,-0.070406415,0.0,
2.7729416,-0.47781467,-0.014587457,0.0,
2.7363126,-0.47323802,0.024391945,0.0,
2.6961782,-0.492732,0.051136486,0.0,
2.683623,-0.492732,0.051136486,0.0,
2.6350677,-0.52228385,0.07723625,32.0,
2.6041493,-0.55397105,0.0782336,0.0,
2.5576942,-0.58907396,0.087760195,41.0,
2.5424457,-0.58464056,0.11120803,0.0,
2.5402005,-0.5617169,0.14540552,123.0,
2.5361836,-0.5617169,0.14540552,0.0,
2.5733101,-0.53742075,0.12862484,0.0,
2.6465034,-0.5214896,0.05963277,0.0,
2.7091532,-0.49098852,0.019761933,0.0,
2.7372468,-0.4679688,0.007871715,0.0,
2.7508469,-0.443147,0.010602138,0.0,
2.7608783,-0.43426135,0.0057403157,30.0,
2.7496886,-0.44831505,0.008386115,0.0,
2.7409704,-0.45051998,0.016106168,46.0,
2.7514555,-0.44270962,0.01024662,0.0,
2.7304156,-0.44270962,0.01024662,122.0,
2.7190194,-0.45429212,0.013910724,0.0,
2.7111964,-0.46075967,0.0173041,0.0,
2.7035599,-0.45455244,0.030127864,0.0,
2.710205,-0.44285315,0.031784303,0.0,
2.7229824,-0.42959663,0.027483588,0.0,
2.7271838,-0.43527737,0.01889809,0.0,
2.7395675,-0.42738962,0.011077353,35.0,
2.7267005,-0.43860352,0.017067669,0.0,
2.704109,-0.44842553,0.034227666,42.0,
2.6639528,-0.4687746,0.06226217,0.0,
2.6564815,-0.4687746,0.06226217,129.0,
2.632104,-0.49121392,0.06847715,0.0,
2.6476374,-0.47320312,0.06811047,0.0,
2.6685345,-0.46120766,0.05555788,0.0,
2.6852546,-0.46649492,0.03329854,0.0,
2.6957543,-0.47105467,0.01890473,0.0,
2.6914363,-0.48360956,0.013305838,0.0,
2.6868439,-0.49520937,0.008468292,27.0,
2.656338,-0.49795854,0.036439992,0.0,
2.6406457,-0.4916318,0.058739718,42.0,
2.644149,-0.48328134,0.06270648,0.0,
2.6468863,-0.48281747,0.06013974,30.0,
2.6685581,-0.5204733,0.004694801,0.0,
2.6578999,-0.54815686,-0.010021451,60.0,
2.6400285,-0.50305814,0.04865396,0.0,
2.638119,-0.5004284,0.05315323,0.0,
2.6721907,-0.4797719,0.035915114,37.0,
2.66942,-0.4797719,0.035915114,0.0,
2.68144,-0.4788609,0.02444798,29.0,
2.6780388,-0.48669672,0.02139966,0.0,
2.6565073,-0.49978355,0.031646524,42.0,
2.6455545,-0.4987975,0.04368342,0.0,
2.6406143,-0.50349045,0.04442149,126.0,
2.6485004,-0.50349045,0.04442149,0.0,
2.663865,-0.49874085,0.033241574,0.0,
2.6707168,-0.4900794,0.033852432,0.0,
2.6788974,-0.48223335,0.03221595,0.0,
2.6767828,-0.48291737,0.033776484,0.0,
2.6782577,-0.47990042,0.03478748,0.0,
2.677205,-0.48256803,0.033641152,30.0,
2.6614027,-0.49268588,0.04099402,0.0,
2.6624532,-0.49390212,0.038868524,44.0,
2.6685119,-0.48575005,0.03976427,0.0,
2.6732864,-0.48279896,0.03741056,104.0,
2.6723242,-0.4838251,0.037523627,0.0,
2.6735458,-0.48312116,0.03687702,0.0,
2.6649852,-0.48959535,0.040045593,0.0,
2.6577673,-0.48789564,0.04893537,0.0,
2.664993,-0.482491,0.04617178,0.0,
2.6592064,-0.482491,0.04617178,18.0,
2.6721573,-0.48098162,0.034440733,32.0,
2.6606858,-0.48535728,0.04218545,0.0,
2.6560023,-0.4864951,0.04592229,43.0,
2.657078,-0.4858147,0.045429584,0.0,
2.66932,-0.49367878,0.026549775,123.0,
2.6599739,-0.49367878,0.026549775,0.0,
2.6452384,-0.47741848,0.05552159,0.0,
2.6663537,-0.46819147,0.04196753,0.0,
2.63189,-0.4772689,0.06967981,0.0,
2.651685,-0.5000725,0.0288842,0.0,
2.6601331,-0.47544122,0.04208187,0.0,
2.661568,-0.48369622,0.03358448,33.0,
2.662976,-0.47622374,0.038569167,0.0,
2.6629612,-0.4702111,0.04369323,41.0,
2.6512578,-0.4761156,0.05049261,0.0,
2.6562345,-0.4761156,0.05049261,122.0,
2.6541827,-0.47891366,0.050117347,0.0,
2.6639493,-0.48318428,0.036819603,0.0,
2.6686742,-0.4811738,0.033941872,0.0,
2.663849,-0.47355357,0.0450729,0.0,
2.6665692,-0.47072667,0.044744197,0.0,
2.6676219,-0.4534996,0.058044113,0.0,
2.6655726,-0.4678878,0.04812345,35.0,
2.6688871,-0.5046905,0.014054184,0.0,
2.6864061,-0.50489706,-0.0016613576,42.0,
2.6833155,-0.47260556,0.02685305,0.0,
2.6905282,-0.47260556,0.02685305,130.0,
2.6792114,-0.48939937,0.024143234,0.0,
2.6849856,-0.48283824,0.024025206,0.0,
2.705124,-0.47569758,0.010855695,0.0,
2.6821637,-0.48222694,0.027166473,0.0,
2.6801667,-0.48302558,0.028409323,0.0,
2.6860178,-0.48072878,0.024732381,0.0,
2.689491,-0.4797659,0.022233903,0.0,
2.6924357,-0.4746634,0.023446057,27.0,
2.6994808,-0.4746634,0.023446057,170.0,
2.7170677,-0.46866632,0.011420304,0.0,
2.7032306,-0.47330943,0.020935768,0.0,
2.6950285,-0.4781685,0.02496014,0.0,
2.7079024,-0.4672942,0.021013854,0.0,
2.714287,-0.47085497,0.012419234,0.0,
2.6775317,-0.4845611,0.036542572,0.0,
2.6600063,-0.49959087,0.040682714,0.0,
2.6594784,-0.50695103,0.034779783,0.0,
2.7048523,-0.47004634,0.021853704,0.0,
2.7352293,-0.47379437,-0.008648878,28.0,
2.7125938,-0.49308467,-0.0022945607,42.0,
2.6867414,-0.48701146,0.025817823,0.0,
2.6854088,-0.47712922,0.034959316,0.0,
2.6799226,-0.4694177,0.046531066,128.0,
2.6717608,-0.4694177,0.046531066,0.0,
2.6858933,-0.46272156,0.03769275,0.0,
2.7037103,-0.45966697,0.022413014,0.0,
2.7132545,-0.4614851,0.011859786,0.0,
2.7215416,-0.45319065,0.009869881,0.0,
2.7182767,-0.47623745,-0.0034891693,0.0,
2.6994398,-0.4758441,0.014286847,29.0,
2.687044,-0.5021933,0.005151559,0.0,
2.6489618,-0.504823,0.038534053,42.0,
2.6438768,-0.52454126,0.025412101,0.0,
2.7418303,-0.5124976,-0.04883987,96.0,
2.7846353,-0.5018627,-0.075667046,0.0,
2.7546287,-0.51044023,-0.057607118,0.0,
2.7255762,-0.5289055,-0.04739759,0.0,
2.7417345,-0.54488117,-0.070701435,0.0,
2.7405984,-0.50283754,-0.04132773,30.0,
2.7189457,-0.50283754,-0.04132773,0.0,
2.7145722,-0.49345902,-0.030793045,28.0,
2.736577,-0.48414344,-0.043214846,0.0,
2.7483618,-0.47558528,-0.047641356,46.0,
2.7466912,-0.4767123,-0.04694173,0.0,
2.728737,-0.4767123,-0.04694173,123.0,
2.7161865,-0.48075157,-0.038729776,0.0,
2.6863701,-0.49232557,-0.02073245,0.0,
2.6837118,-0.49688944,-0.021966798,0.0,
2.7126486,-0.48854992,-0.04127244,0.0,
2.7132664,-0.4840758,-0.038552903,0.0,
2.7185302,-0.48412687,-0.04321854,0.0,
2.6962242,-0.49196956,-0.029329743,32.0,
2.6749687,-0.49695998,-0.014067884,0.0,
2.6795158,-0.4961338,-0.017551834,42.0,
2.6958325,-0.49295628,-0.02974078,0.0,
2.6870482,-0.49010113,-0.019586269,123.0,
2.672836,-0.49010113,-0.019586269,0.0,
2.6629994,-0.4939447,-0.013535315,0.0,
2.6518717,-0.4997353,-0.007977438,0.0,
2.6468546,-0.50270814,-0.005830029,0.0,
2.6749892,-0.49094775,-0.022299629,0.0,
2.6517196,-0.4868333,0.0035802654,0.0,
2.6432073,-0.5056205,-0.0049722563,34.0,
2.6244488,-0.51756305,0.0018526411,0.0,
2.6271696,-0.4990304,0.016980825,42.0,
2.63229,-0.51775956,-0.0058295946,0.0,
2.6315038,-0.5117803,5.699629E-4,91.0,
2.6608431,-0.49099007,-0.008945535,0.0,
2.663237,-0.48430988,-0.00554648,4.0,
2.6357434,-0.45925036,0.045236602,0.0,
2.6491983,-0.50363386,-0.008896813,0.0,
2.6500072,-0.50363386,-0.008896813,34.0,
2.6449702,-0.54132795,-0.03843165,0.0,
2.6254356,-0.5202288,-5.7487807E-4,19.0,
2.6312187,-0.51287204,8.474575E-4,0.0,
2.6149466,-0.51287204,8.474575E-4,178.0,
2.6259623,-0.50052005,0.0018015502,0.0,
2.625425,-0.4890077,0.013417372,0.0,
2.6368296,-0.4829913,0.007157482,0.0,
2.6231973,-0.49439818,0.010550768,0.0,
2.6095514,-0.50088024,0.018454282,0.0,
2.6093323,-0.50566846,0.013835597,0.0,
2.6202433,-0.50058144,0.0075923456,0.0,
2.6240714,-0.4969415,0.0071851746,0.0,
2.6280746,-0.49786282,0.002197195,27.0,
2.6085277,-0.50704926,0.013272939,0.0,
2.595072,-0.51716745,0.016793184,43.0,
2.5963748,-0.51778424,0.014782905,0.0,
2.5823078,-0.51778424,0.014782905,128.0,
2.6024902,-0.5059485,0.006022336,0.0,
2.5869594,-0.5114912,0.01667219,0.0,
2.5783663,-0.51364154,0.02363895,0.0,
2.585684,-0.50424975,0.025933614,0.0,
2.5981038,-0.50722194,0.009324713,0.0,
2.6013734,-0.5008563,0.01246991,0.0,
2.5946739,-0.4983504,0.022355137,28.0,
2.5862322,-0.5036805,0.025946457,0.0,
2.5917342,-0.51032186,0.012814455,10.0,
2.59167,-0.5249928,-0.0028015056,32.0,
2.5930636,-0.52050126,5.6601106E-4,85.0,
2.5933745,-0.5205994,1.4216662E-4,0.0,
2.6104374,-0.50852233,-0.0048315474,0.0,
2.5981863,-0.5093056,0.0070567536,0.0,
2.5973804,-0.5139108,0.0030717577,0.0,
2.5945303,-0.5139108,0.0030717577,39.0,
2.58156,-0.5255628,0.0041714367,0.0,
2.5777905,-0.53156596,0.0014430005,20.0,
2.593145,-0.52475715,-0.007058042,0.0,
2.598153,-0.51991236,-0.007079282,179.0,
2.5971072,-0.51595795,-0.0018202163,0.0,
2.5916169,-0.5211042,-0.0015525748,0.0,
2.5799623,-0.52573395,0.005678531,0.0,
2.587905,-0.5226184,7.0541754E-4,0.0,
2.5893652,-0.52433187,-0.002683988,0.0,
2.5910056,-0.52526504,-0.0053953757,0.0,
2.5837889,-0.5227409,0.0049260687,0.0,
2.595106,-0.5142624,0.0020868082,0.0,
2.6036525,-0.5142624,0.0020868082,0.0,
2.5967834,-0.5193093,0.0040821843,32.0,
2.5945911,-0.52953315,-0.0045681335,26.0,
2.592355,-0.52563393,0.0019875045,0.0,
2.5950387,-0.5193797,0.0058740587,138.0,
2.6059017,-0.5193797,0.0058740587,0.0,
2.6090608,-0.5201239,0.0018181799,0.0,
2.602827,-0.52481556,0.0033999018,0.0,
2.5977595,-0.5280421,0.0052459463,0.0,
2.6041431,-0.5237901,0.0031099704,0.0,
2.6042018,-0.5253572,0.0014118303,0.0,
2.6009314,-0.5273498,0.0026935008,34.0,
2.6018414,-0.52338475,0.005928785,0.0,
2.596389,-0.52508503,0.009840819,43.0,
2.5968444,-0.5272281,0.007069018,0.0,
2.5939958,-0.5330916,0.003726513,130.0,
2.5905204,-0.534429,0.0058730165,0.0,
2.591389,-0.534429,0.0058730165,0.0,
2.5964274,-0.528071,0.007505878,0.0,
2.6051037,-0.5204109,0.0065458682,0.0,
2.6032112,-0.52267224,0.006157214,0.0,
2.5874155,-0.5320064,0.01267558,0.0,
2.5842228,-0.5333909,0.0145146465,0.0,
2.5940492,-0.5265535,0.011629032,26.0,
2.5873885,-0.5250216,0.02040246,43.0,
2.5955327,-0.52244127,0.014483588,0.0,
2.6206832,-0.51051337,4.1259773E-4,0.0,
2.6124105,-0.5246261,-0.005296258,59.0,
2.5702336,-0.545333,0.015716081,0.0,
2.5650911,-0.5280515,0.041666325,0.0,
2.5758147,-0.5280515,0.041666325,69.0,
2.5916805,-0.526751,0.025399022,0.0,
2.606117,-0.5173012,0.019818734,0.0,
2.6195905,-0.51896095,0.0038022627,0.0,
2.615104,-0.516682,0.010822389,27.0,
2.5883806,-0.52453667,0.03148896,42.0,
2.5809069,-0.5367296,0.02601432,0.0,
2.5775037,-0.54089713,0.024951546,0.0,
2.595065,-0.5337906,0.0140553,128.0,
2.584199,-0.5337906,0.0140553,0.0,
2.5903537,-0.53035855,0.011326148,0.0,
2.5888605,-0.5252576,0.018511211,0.0,
2.612897,-0.52180076,-0.0030709002,0.0,
2.5966823,-0.5229227,0.01266646,0.0,
2.5704749,-0.54807776,0.012270207,0.0,
2.5473878,-0.5517061,0.032841798,29.0,
2.56255,-0.54281706,0.026989587,0.0,
2.5819676,-0.5399616,0.009500566,41.0,
2.5842423,-0.54155964,0.005345225,0.0,
2.5862951,-0.54301184,0.0016188361,77.0,
2.5353606,-0.56424916,0.030106954,0.0,
2.5648763,-0.5370231,0.031326797,0.0,
2.6311736,-0.5088072,-0.008873487,0.0,
2.6376464,-0.5088072,-0.008873487,49.0,
2.6313927,-0.51628405,-0.009656206,0.0,
2.5892384,-0.53072685,0.019503564,0.0,
2.6026242,-0.531138,0.004858493,8.0,
2.5717034,-0.5493021,0.017209755,21.0,
2.572918,-0.5403725,0.02632485,43.0,
2.6080897,-0.53037876,-0.0,0.0,
2.5815563,-0.5471197,0.009318728,124.0,
2.572076,-0.5507872,0.015077177,0.0,
2.586707,-0.5316819,0.02118568,0.0,
2.592009,-0.53366,0.013304537,0.0,
2.5890746,-0.5519675,-0.0038205562,0.0,
2.5830755,-0.5409643,0.014677316,0.0,
2.5975494,-0.5409643,0.014677316,0.0,
2.6063695,-0.5520165,-0.006202142,32.0,
2.6063054,-0.5429774,0.0034305186,0.0,
2.5982232,-0.5412168,0.013693864,42.0,
2.6013348,-0.5422891,0.009285449,0.0,
2.6088247,-0.5422891,0.009285449,123.0,
2.6191983,-0.53964794,0.0012749676,0.0,
2.6199567,-0.5434343,-0.0033788413,0.0,
2.6162808,-0.54392385,-1.4130281E-4,0.0,
2.6068852,-0.54413646,0.009350901,0.0,
2.5926352,-0.5387708,0.030555654,0.0,
2.5863779,-0.5395371,0.03667818,0.0,
2.6017478,-0.50464314,0.05757969,33.0,
2.6058345,-0.5314159,0.02407102,0.0,
2.5651782,-0.57042253,0.02354584,42.0,
2.590444,-0.54179555,0.029585702,0.0,
2.5904658,-0.54179555,0.029585702,122.0,
2.5841868,-0.54254764,0.03568371,0.0,
2.6001363,-0.51624614,0.046913914,0.0,
2.6005683,-0.51804894,0.04445517,0.0,
2.602312,-0.5162353,0.044408977,0.0,
2.5902996,-0.5278096,0.045494273,0.0,
2.5788472,-0.5318211,0.054218166,0.0,
2.5825584,-0.52797437,0.054317668,35.0,
2.5740142,-0.53895247,0.051476732,0.0,
2.5775783,-0.53400147,0.0531551,34.0,
2.625757,-0.4996371,0.034812484,0.0,
2.6203554,-0.5567121,-0.017165098,59.0,
2.6065056,-0.56633526,-0.013828601,0.0,
2.5847092,-0.5414897,0.036312904,0.0,
2.5992777,-0.5414897,0.036312904,79.0,
2.5984056,-0.54996604,0.027863307,0.0,
2.609826,-0.54941523,0.016184872,0.0,
2.6125257,-0.5448707,0.018161476,0.0,
2.6266828,-0.54405314,0.004155299,26.0,
2.6357381,-0.539184,-2.8457597E-4,0.0,
2.653278,-0.5291253,-0.008511641,42.0,
2.6536553,-0.52208906,-0.0023630757,0.0,
2.6117952,-0.5402113,0.023901502,128.0,
2.62504,-0.5402113,0.023901502,0.0,
2.6150396,-0.5424364,0.032475453,0.0,
2.619864,-0.5428918,0.02672002,0.0,
2.616004,-0.550541,0.022812495,0.0,
2.6181946,-0.54165643,0.029837603,0.0,
2.612785,-0.5392924,0.038337767,0.0,
2.6023932,-0.54474914,0.04408264,29.0,
2.5882273,-0.55854195,0.04440865,0.0,
2.5929632,-0.5538141,0.0445243,40.0,
2.6368036,-0.5287704,0.022726472,0.0,
2.6941683,-0.50419736,-0.015301534,8.0,
2.7115757,-0.49371123,-0.024610415,59.0,
2.6595626,-0.50248796,0.022831429,0.0,
2.604805,-0.5227137,0.06561954,0.0,
2.6166592,-0.5227137,0.06561954,59.0,
2.5780375,-0.5441952,0.08728312,0.0,
2.507689,-0.57007235,0.14446932,0.0,
2.4381034,-0.5924186,0.21672818,30.0,
2.4214475,-0.6043665,0.22227387,0.0,
2.4796302,-0.5721251,0.18374586,42.0,
2.5518057,-0.51872474,0.15438166,0.0,
2.5985608,-0.48449796,0.13003331,125.0,
2.623361,-0.48449796,0.13003331,0.0,
2.6469438,-0.4669103,0.116839334,0.0,
2.6492484,-0.46458468,0.116079785,0.0,
2.6121862,-0.5073485,0.12025729,0.0,
2.5726085,-0.539414,0.13411757,0.0,
2.5601983,-0.5392593,0.15094331,0.0,
2.555083,-0.5379001,0.15982722,31.0,
2.5730143,-0.5021117,0.18010119,0.0,
2.6010742,-0.5155319,0.12545876,42.0,
2.6156206,-0.49885508,0.124994524,0.0,
2.6153514,-0.48885044,0.13605571,84.0,
2.5443373,-0.53502834,0.17920385,0.0,
2.547685,-0.53487146,0.17450143,0.0,
2.5993228,-0.51319134,0.13037951,0.0,
2.6293206,-0.46272585,0.14436987,0.0,
2.6543891,-0.46272585,0.14436987,39.0,
2.653419,-0.47465637,0.13439506,0.0,
2.6147575,-0.54404294,0.11106687,33.0,
2.606779,-0.5253608,0.14137542,0.0,
2.6191995,-0.5093401,0.1431268,42.0,
2.6412575,-0.4998664,0.12523451,0.0,
2.6494415,-0.4998664,0.12523451,123.0,
2.658507,-0.48950666,0.12424899,0.0,
2.628438,-0.5250419,0.124859095,0.0,
2.6714196,-0.4836948,0.11431749,0.0,
2.6832492,-0.46559197,0.11607324,0.0,
2.6340857,-0.51204604,0.13147357,0.0,
2.596209,-0.5632083,0.120239794,0.0,
2.6131804,-0.52874315,0.13898765,34.0,
2.6391604,-0.47962773,0.15755661,0.0,
2.6456084,-0.47575653,0.15309139,42.0,
2.6631372,-0.4918613,0.1166374,0.0,
2.6978128,-0.5207351,0.054225937,100.0,
2.684669,-0.5263828,0.062697984,0.0,
2.673941,-0.47802144,0.116362184,0.0,
2.648056,-0.49132088,0.13508289,0.0,
2.6648047,-0.50946206,0.098689616,0.0,
2.6746445,-0.51296765,0.084815696,0.0,
2.6904383,-0.51296765,0.084815696,29.0,
2.6627088,-0.52932554,0.09890038,0.0,
2.673836,-0.51952606,0.09620461,26.0,
2.6639247,-0.49839956,0.12573725,62.0,
2.6252377,-0.5165977,0.15253156,0.0,
2.73286,-0.44944435,0.089075886,0.0,
2.737821,-0.44293824,0.088234834,0.0,
2.661957,-0.50654984,0.12051591,109.0,
2.615406,-0.5493155,0.12929825,0.0,
2.6092923,-0.53209543,0.15483117,0.0,
2.625251,-0.5180418,0.15102461,0.0,
2.6104412,-0.53723377,0.14789931,0.0,
2.6256127,-0.53723377,0.14789931,0.0,
2.5795264,-0.5256967,0.21637894,27.0,
2.6349318,-0.4981619,0.17679407,42.0,
2.7245612,-0.46304715,0.10522212,0.0,
2.722572,-0.47336727,0.09973541,0.0,
2.6357741,-0.49370015,0.18020977,127.0,
2.6436107,-0.49370015,0.18020977,0.0,
2.6226745,-0.59404397,0.101565026,0.0,
2.5979261,-0.5625442,0.15989017,0.0,
2.6532927,-0.500388,0.16280536,0.0,
2.6539261,-0.52133954,0.14258787,0.0,
2.6224096,-0.55345213,0.14392102,0.0,
2.6420817,-0.5296732,0.14718129,30.0,
2.679992,-0.48162174,0.14978953,0.0,
2.6636221,-0.47607344,0.17318647,41.0,
2.683375,-0.5555763,0.083384596,0.0,
2.674473,-0.6021485,0.050373238,36.0,
2.6902115,-0.53177327,0.0971675,0.0,
2.6788132,-0.50610167,0.1301646,59.0,
2.7041388,-0.47551093,0.12859452,0.0,
2.7162497,-0.48714855,0.107096,0.0,
2.7035077,-0.51989424,0.09421851,29.0,
2.7178786,-0.51989424,0.09421851,0.0,
2.7054973,-0.5346474,0.09401482,32.0,
2.6880186,-0.48550454,0.15066062,0.0,
2.7160676,-0.53139114,0.08712741,42.0,
2.7705302,-0.49415597,0.06462073,0.0,
2.7676823,-0.49415597,0.06462073,124.0,
2.7910123,-0.46541485,0.061102618,0.0,
2.82309,-0.45957285,0.03558889,0.0,
2.7951267,-0.47786316,0.050288156,0.0,
2.7622635,-0.48094565,0.07788823,0.0,
2.7782083,-0.5110894,0.04508118,0.0,
2.708446,-0.5307707,0.09113911,0.0,
2.7012887,-0.50881886,0.11489884,32.0,
2.7185466,-0.48377097,0.117371865,0.0,
2.7438407,-0.4642644,0.10634784,42.0,
2.7896357,-0.42880258,0.083373785,0.0,
2.757698,-0.47484428,0.086048566,54.0,
2.7611506,-0.47243726,0.084367335,0.0,
2.7685742,-0.5263637,0.04343784,0.0,
2.7630665,-0.54010606,0.03898365,59.0,
2.765468,-0.49609095,0.065340914,0.0,
2.790661,-0.44267586,0.07447125,0.0,
2.7803369,-0.44267586,0.07447125,9.0,
2.7564611,-0.4823448,0.072251774,36.0,
2.7612543,-0.5036686,0.054163035,0.0,
2.7738633,-0.50835836,0.0405101,41.0,
2.76106,-0.54211575,0.029319435,0.0,
2.673565,-0.54871106,0.096850574,31.0,
2.752748,-0.5394565,0.037608482,0.0,
2.7543728,-0.46566918,0.08506949,59.0,
2.7465186,-0.42740867,0.11800263,0.0,
2.7600956,-0.47325474,0.074780665,0.0,
2.741783,-0.47325474,0.074780665,39.0,
2.8138466,-0.48697844,0.0037067381,0.0,
2.8013246,-0.48037556,0.017650904,26.0,
2.7565136,-0.4839234,0.05426383,0.0,
2.7539432,-0.4681931,0.06680139,42.0,
2.702604,-0.4763614,0.11039442,0.0,
2.6994221,-0.4763614,0.11039442,130.0,
2.7273452,-0.5064217,0.061404087,0.0,
2.7360852,-0.47284153,0.07704862,0.0,
2.741885,-0.46614715,0.076091684,0.0,
2.7414901,-0.49085692,0.059658013,0.0,
2.750967,-0.5045794,0.042065762,0.0,
2.7339818,-0.46040452,0.08768811,0.0,
2.764778,-0.40355673,0.09326101,27.0,
2.7758687,-0.44070747,0.059732527,0.0,
2.7296057,-0.4765892,0.08060129,170.0,
2.739343,-0.4765892,0.08060129,0.0,
2.664954,-0.4908218,0.14486143,0.0,
2.5861695,-0.49565333,0.23343553,0.0,
2.5296714,-0.5522175,0.2363867,0.0,
2.4018197,-0.6317163,0.28307843,0.0,
2.3095186,-0.6823656,0.3173348,0.0,
2.5431874,-0.58727366,0.17250133,0.0,
2.6044836,-0.5513019,0.14984329,0.0,
2.6376324,-0.5348848,0.13257824,29.0,
2.6800406,-0.57515895,0.05731301,0.0,
2.6099765,-0.65912116,0.029806914,41.0,
2.5099444,-0.6486458,0.121780924,0.0,
2.5730007,-0.5665409,0.16601035,126.0,
2.5892048,-0.5665409,0.16601035,0.0,
2.6331885,-0.52152914,0.16530189,0.0,
2.6820838,-0.5092645,0.12340181,0.0,
2.7289093,-0.5151869,0.07235685,0.0,
2.7659204,-0.51965004,0.03583344,0.0,
2.726259,-0.5441914,0.053235363,0.0,
2.6577506,-0.5615224,0.10091998,30.0,
2.5936496,-0.58160794,0.1437632,0.0,
2.546597,-0.6015502,0.16971487,42.0,
2.5433867,-0.6032754,0.17097828,0.0,
2.5494967,-0.6124826,0.15203004,66.0,
2.5558736,-0.6155095,0.14145352,0.0,
2.5701392,-0.6027803,0.14290306,0.0,
2.5835404,-0.6019828,0.13029833,0.0,
2.5764942,-0.6066329,0.13174793,59.0,
2.5874648,-0.6066329,0.13174793,0.0,
2.5607367,-0.61126345,0.1544072,0.0,
2.4845777,-0.6347448,0.21039383,33.0,
2.5153809,-0.6252847,0.18685935,0.0,
2.6995964,-0.61539364,0.023402102,42.0,
2.7105932,-0.641327,-0.006040301,0.0,
2.7011466,-0.641327,-0.006040301,122.0,
2.8025253,-0.63503224,-0.07153844,0.0,
2.86813,-0.5310651,-0.06411832,0.0,
2.84696,-0.48996326,-0.02656164,0.0,
2.8422756,-0.48152715,-0.018109277,0.0,
2.8461115,-0.51263034,-0.036999833,0.0,
2.833587,-0.55739653,-0.04968689,0.0,
2.7614813,-0.5831413,-0.0080739865,34.0,
2.7018135,-0.5829644,0.042781107,0.0,
2.6795754,-0.5782959,0.0674199,42.0,
2.6707335,-0.5809678,0.0734428,0.0,
2.687869,-0.587947,0.05108178,122.0,
2.6891084,-0.587947,0.05108178,0.0,
2.7183018,-0.58165085,0.029338604,0.0,
2.750418,-0.56697077,0.011600409,0.0,
2.7663896,-0.5633108,-0.0,0.0,
2.7717347,-0.55849457,-0.001450115,0.0,
2.749979,-0.5637008,0.014363493,0.0,
2.7263467,-0.5677133,0.03303271,35.0,
2.6998181,-0.57468307,0.052453298,0.0,
2.6845531,-0.57623154,0.06600517,41.0,
2.697042,-0.5828377,0.048065733,0.0,
2.7206972,-0.58705,0.022829141,130.0,
2.738706,-0.5727254,0.017855247,0.0,
2.7710092,-0.5430782,0.009543569,0.0,
2.7874424,-0.5266244,0.004975084,0.0,
2.8015816,-0.51487494,-0.0010951399,0.0,
2.7938495,-0.5241125,5.588933E-4,0.0,
2.7852004,-0.5375445,1.4142272E-4,0.0,
2.7874675,-0.5375445,1.4142272E-4,0.0,
2.7678668,-0.547933,0.011882047,27.0,
2.7485516,-0.5608531,0.021095773,43.0,
2.7345803,-0.5749543,0.023659823,0.0,
2.7257533,-0.57430565,0.03256129,0.0,
2.7238731,-0.5682241,0.03926185,127.0,
2.7327194,-0.5682241,0.03926185,0.0,
2.7477152,-0.5610368,0.029651092,0.0,
2.7706974,-0.5493041,0.015126119,0.0,
2.787068,-0.5320702,0.010281329,0.0,
2.7937338,-0.51842666,0.012216034,0.0,
2.7973835,-0.5117834,0.012595174,0.0,
2.793087,-0.5194769,0.012218494,29.0,
2.7852702,-0.5194769,0.012218494,168.0,
2.7700515,-0.5288457,0.022005478,0.0,
2.7559557,-0.5271864,0.03835083,0.0,
2.766622,-0.53148824,0.023798242,0.0,
2.775505,-0.5457065,0.0047653066,0.0,
2.7729871,-0.5463183,0.006888525,0.0,
2.7578592,-0.53115225,0.033405866,0.0,
2.7629433,-0.52601296,0.031601105,0.0,
2.765519,-0.53286463,0.02399882,0.0,
2.7657657,-0.54234993,0.017045446,0.0,
2.7694957,-0.53604156,0.017594324,30.0,
2.7704425,-0.5229872,0.02563898,0.0,
2.7740922,-0.5166602,0.026037239,44.0,
2.7785807,-0.52502805,0.015594935,0.0,
2.7657394,-0.52502805,0.015594935,125.0,
2.7629628,-0.53325254,0.01275185,0.0,
2.76485,-0.525446,0.016259879,0.0,
2.7650888,-0.5248203,0.01644265,0.0,
2.7711177,-0.52674407,0.008646135,0.0,
2.7651308,-0.5312624,0.011858281,0.0,
2.7555723,-0.5243378,0.027156582,0.0,
2.7502809,-0.51789564,0.037780788,31.0,
2.759354,-0.5209138,0.025469508,0.0,
2.7675126,-0.52986544,0.010308913,40.0,
2.778386,-0.5260728,0.0014224743,0.0,
2.783089,-0.5118378,0.005870774,35.0,
2.7732074,-0.51345134,0.015501552,0.0,
2.759709,-0.51999706,0.02573578,60.0,
2.7662203,-0.52238965,0.016926017,0.0,
2.772317,-0.5211762,0.011190918,0.0,
2.7563975,-0.5211762,0.011190918,28.0,
2.7498116,-0.5218985,0.01776964,0.0,
2.742958,-0.5180397,0.02815171,32.0,
2.7450006,-0.52021873,0.024265025,0.0,
2.752929,-0.5204119,0.015478639,42.0,
2.7474632,-0.5219914,0.020253243,0.0,
2.7306242,-0.5219914,0.020253243,123.0,
2.7373803,-0.5178385,0.016093783,0.0,
2.7479262,-0.5197227,0.0033974953,0.0,
2.7462318,-0.5211996,0.0041082078,0.0,
2.728702,-0.5257007,0.019451711,0.0,
2.721222,-0.5274786,0.026187504,0.0,
2.7220056,-0.5306578,0.022784833,0.0,
2.7223768,-0.5291455,0.023591926,35.0,
2.7240596,-0.5214897,0.027844818,0.0,
2.734477,-0.52862746,0.010991626,42.0,
2.7436306,-0.542175,-0.00873643,0.0,
2.7454116,-0.553147,-0.018681478,51.0,
2.7545023,-0.52783626,-0.009312556,0.0,
2.7498233,-0.5060157,0.011309209,0.0,
2.7505898,-0.5060157,0.011309209,77.0,
2.7231278,-0.48547706,0.05741443,0.0,
2.7055414,-0.4820515,0.081408516,0.0,
2.691868,-0.51168525,0.0727624,0.0,
2.681675,-0.53696865,0.062024996,26.0,
2.680756,-0.55222684,0.04908132,0.0,
2.66799,-0.5509168,0.06454193,13.0,
2.6510038,-0.5416019,0.093695216,29.0,
2.6923358,-0.50052685,0.08194984,30.0,
2.7204401,-0.47383383,0.06973586,0.0,
2.6669204,-0.5532813,0.06348156,58.0,
2.5618222,-0.63224286,0.09287761,0.0,
2.4929786,-0.6741069,0.11122351,0.0,
2.493526,-0.677955,0.10394926,39.0,
2.504116,-0.677955,0.10394926,0.0,
2.5176172,-0.6802414,0.084656574,28.0,
2.5758352,-0.62542903,0.09714686,0.0,
2.6365368,-0.5805365,0.080480464,111.0,
2.6698463,-0.56127816,0.06245461,0.0,
2.7020903,-0.5307511,0.054065235,0.0,
2.716848,-0.5717274,0.004267818,0.0,
2.762254,-0.5811788,-0.04477994,0.0,
2.7944593,-0.55277264,-0.054377798,0.0,
2.7783442,-0.49347284,-9.314711E-4,59.0,
2.7840042,-0.49347284,-9.314711E-4,0.0,
2.7415197,-0.418161,0.09885439,0.0,
2.6896706,-0.4190674,0.16991492,0.0,
2.7105992,-0.4748769,0.095206305,30.0,
2.8356926,-0.49684983,-0.05390551,41.0,
2.864208,-0.5386674,-0.10007644,0.0,
2.9026847,-0.6618583,-0.18191127,106.0,
2.7102585,-0.7729115,-0.15340613,0.0,
2.5442896,-0.65018845,0.10179249,0.0,
2.5292995,-0.65360576,0.114191376,0.0,
2.5767717,-0.6580087,0.056479163,0.0,
2.6653113,-0.6462117,-0.010757303,0.0,
2.6618648,-0.6462117,-0.010757303,19.0,
2.6984403,-0.59783816,0.0014160281,33.0,
2.680195,-0.59161776,0.024681177,0.0,
2.6033468,-0.6613725,0.025288913,42.0,
2.529027,-0.70467335,0.037637696,0.0,
2.5458734,-0.70467335,0.037637696,124.0,
2.6331363,-0.69460016,-0.028675321,0.0,
2.7098484,-0.65121394,-0.04944358,0.0,
2.701764,-0.64517766,-0.037283696,0.0,
2.6578746,-0.6571059,-0.010007366,0.0,
2.6636896,-0.6498333,-0.007884199,0.0,
2.5573032,-0.7077824,0.02197985,0.0,
2.192494,-0.86373335,0.041596293,33.0,
2.2817826,-0.8301203,0.052036308,0.0,
2.479269,-0.6980842,0.12571408,43.0,
2.5841177,-0.5796736,0.16705789,0.0,
2.597031,-0.5796736,0.16705789,121.0,
2.5301168,-0.6230796,0.20866852,0.0,
2.4279375,-0.70401603,0.22388355,0.0,
2.5858264,-0.63155323,0.1131475,0.0,
2.6539204,-0.6003703,0.06685819,0.0,
2.604859,-0.60617596,0.12147326,0.0,
2.5562136,-0.6732719,0.09095509,0.0,
2.6206534,-0.6480563,0.050652158,35.0,
2.6327744,-0.63640463,0.050995726,0.0,
2.6445494,-0.63640463,0.050995726,173.0,
2.6143613,-0.6527182,0.06626407,0.0,
2.5224364,-0.7029312,0.104978204,0.0,
2.4057536,-0.7491467,0.1797596,0.0,
2.4087403,-0.74420375,0.18789071,0.0,
2.4284766,-0.7134418,0.23296136,0.0,
2.4217198,-0.6652189,0.39882758,0.0,
2.3827057,-0.6668815,0.69479007,0.0,
2.3704724,-0.7582138,0.22139974,0.0,
2.47024,-0.69758403,0.19288433,0.0,
2.6954086,-0.45447645,0.16693276,26.0,
2.8288174,-0.20522994,0.1085262,41.0,
2.8769126,-0.16187851,0.04565354,0.0,
2.7544627,-0.18093161,0.25893605,0.0,
2.8623939,0.17474961,0.16446087,128.0,
3.0468628,-0.1272604,-0.20439512,0.0,
2.9339662,-0.21226937,-0.058025245,0.0,
2.7856305,0.015421432,0.28297874,0.0,
2.7332404,0.008872777,0.4027809,0.0,
2.7434864,-0.0968876,0.3283699,0.0,
2.7387347,-0.0968876,0.3283699,0.0,
2.7559946,-0.068229504,0.30447754,28.0,
2.6994176,-0.09636709,0.4222848,43.0,
2.711231,-0.11222981,0.3836525,0.0,
2.7582057,-0.087395556,0.2906354,0.0,
2.8020332,-0.07852196,0.2055978,126.0,
2.8299558,-0.07852196,0.2055978,0.0,
2.8165135,0.017146867,0.26113337,0.0,
2.7618527,0.077257134,0.38264462,0.0,
2.7183459,0.075991586,0.4722745,0.0,
2.7482533,-0.008390159,0.37679458,0.0,
2.7720544,-0.028378025,0.32365143,0.0,
2.7186418,-0.015201216,0.43323874,21.0,
2.7128952,0.0251001,0.4634857,40.0,
2.7040687,0.03681607,0.48784333,0.0,
2.7303355,0.017906426,0.4237047,8.0,
2.7575119,-0.026274296,0.3515044,23.0,
2.7544544,-0.026274296,0.3515044,199.0,
2.7246046,-0.026274296,0.3515044,202.0,
2.6913881,-0.049712088,0.3850985,0.0,
2.6820257,-0.006040333,0.42060223,0.0,
2.663493,-0.049435083,0.42474106,0.0,
2.6646848,-0.05139248,0.42192283,0.0,
2.702,-0.008082716,0.3909691,0.0,
2.7708087,-0.020211121,0.2944195,0.0,
2.8445342,-0.050382085,0.19643597,0.0,
2.9147072,-0.08410122,0.11228286,0.0,
2.9308772,-0.12621239,0.08605038,0.0,
3.018616,-0.005055754,0.020786442,0.0,
2.9437447,0.04095102,0.1088619,11.0,
2.8220093,0.020709217,0.2457973,0.0,
2.8261724,-0.018668586,0.22788341,0.0,
2.961226,-0.047080223,0.07321491,0.0,
3.0114503,-0.060865954,0.020679915,0.0,
2.9589486,0.024427125,0.0889065,0.0,
2.7973568,0.49632752,0.38637644,0.0,
2.847779,0.19805177,0.26108298,0.0,
3.034359,0.013318734,0.0064695287,0.0,
3.0492947,-0.039234933,-0.014107762,0.0,
3.0498533,-0.051008485,-0.01579396,0.0,
3.0370996,-0.051008485,-0.01579396,187.0,
3.0317934,-0.01792267,-0.007611885,22.0,
3.0361798,-0.00871738,-0.010436753,0.0,
3.0336375,-0.0075920625,-0.008082116,0.0,
3.0349836,-0.0069925967,-0.009201066,0.0,
3.035803,-0.0071134744,-0.009934667,0.0,
3.0333624,-0.00883493,-0.007976269,0.0,
3.0357668,-0.0073542492,-0.009928579,0.0,
3.034952,-0.008336865,-0.009318023,0.0,
3.0348048,-0.007365141,-0.009083963,0.0,
3.0349872,-0.0069951713,-0.009204453,0.0,
3.0355928,-0.007729535,-0.009815636,109.0,
3.0337224,-0.0069875214,-0.008091034,0.0,
3.0352044,-0.0073506795,-0.009433683,0.0,
3.034175,-0.0067456397,-0.00846294,0.0,
3.0353322,-0.0076096677,-0.009573785,0.0,
3.0264237,-0.0076096677,-0.009573785,0.0,
3.0263095,-0.0073723565,-0.009461503,1.0,
3.0250325,-0.008107631,-0.008599295,17.0,
3.025624,-0.0063815988,-0.008836295,19.0,
2.9953358,-0.0063815988,-0.008836295,129.0,
2.993823,-0.007848491,-0.00809401,70.0,
2.9957125,-0.0072388304,-0.009202194,0.0,
2.9944854,-0.008342036,-0.008587691,0.0,
2.9944172,-0.008723957,-0.008601409,2.0,
2.9960346,-0.008341959,-0.009569086,0.0,
2.9957314,-0.006386286,-0.009088425,0.0,
2.9925647,-0.0074861646,-0.0072409157,0.0,
2.9955258,-0.008970733,-0.009339781,0.0,
2.9963279,-0.0088456385,-0.009828901,0.0,
2.9960659,-0.008080758,-0.0095503405,0.0,
2.963135,-0.008080758,-0.0095503405,125.0,
2.9610124,-0.007730587,-0.008344389,70.0,
2.9596,-0.007248717,-0.007494638,0.0,
2.9634714,-0.007849341,-0.009689381,0.0,
2.9626744,-0.0076209167,-0.009219161,13.0,
2.9632459,-0.007247706,-0.009459178,0.0,
2.9598198,-0.009199644,-0.007973335,0.0,
2.9617925,-0.008094687,-0.008830876,0.0,
2.9638114,-0.014956267,-0.011156968,0.0,
2.9571471,-0.009699874,-0.006630551,0.0,
2.9645514,-0.0019657575,-0.00921463,0.0,
2.9627104,-0.00944714,-0.0095702605,67.0,
2.9604461,-0.009309709,-0.008330077,0.0,
2.9630008,-0.0057517514,-0.009056171,0.0,
2.9648933,-0.0077323327,-0.01043291,0.0,
