0.0,-0.0,-0.0,28.0,
0.0,-0.0,-0.0,17.0,
0.0,-0.0,-0.0,25.0,
0.0,-0.0,-0.0,14.0,
0.0,-0.0,-0.0,19.0,
0.0,-0.0,-0.0,22.0,
0.0,-0.0,-0.0,16.0,
0.0,-0.0,-0.0,20.0,
0.0,-0.0,-0.0,20.0,
0.0,-0.0,-0.0,19.0,
0.09617025,0.9903007,0.8033115,1.0,
0.097078726,0.91829026,0.9514278,18.0,
0.09726671,0.9739996,0.84527856,19.0,
0.1354012,0.9739996,0.84527856,0.0,
0.19847924,1.1896863,0.69813615,19.0,
0.13665524,1.0777557,0.55918515,19.0,
0.33772635,1.3210704,0.9791496,19.0,
0.13336842,1.2478907,2.2514148,20.0,
0.0753438,0.9919617,2.3292623,19.0,
0.1325598,1.0448583,1.8605472,20.0,
0.24921905,1.2451808,1.3845148,19.0,
0.36507356,1.3553004,0.6159588,19.0,
0.2948995,1.361867,0.3118014,20.0,
0.23980862,1.2845503,0.50229514,19.0,
0.34389776,1.2845503,0.50229514,0.0,
0.18985689,1.0764904,0.511939,19.0,
0.1615194,0.97276354,0.56928873,19.0,
0.16217804,1.0675579,0.31832,19.0,
0.06902588,0.85244495,-0.014063579,20.0,
0.06890172,0.61664635,0.12338578,19.0,
0.055420537,0.389283,0.08381528,20.0,
0.047948837,0.61166054,-0.057509873,20.0,
0.044938374,1.1033487,-0.26919755,19.0,
-0.50941145,1.368943,-1.3011607,19.0,
-0.02705292,1.2412797,-0.49422184,20.0,
0.09347083,1.2412797,-0.49422184,0.0,
0.14082074,0.98343945,0.028539302,18.0,
0.16164052,0.8739055,0.830851,19.0,
0.15602106,0.84219503,0.81624454,20.0,
0.1814294,0.95953363,0.67594415,19.0,
0.22800232,1.0983064,0.54280716,20.0,
0.18848109,1.0034827,0.46999776,19.0,
0.15211503,0.88017815,0.3782766,20.0,
0.13425216,0.78114367,0.36359346,20.0,
0.13646819,0.8081041,0.3344928,19.0,
0.16152968,0.9382952,0.3284154,20.0,
0.21044976,0.9382952,0.3284154,1.0,
0.3110992,1.1414434,0.42156935,19.0,
0.31879047,1.152427,0.39963415,19.0,
0.21627273,0.9663407,0.27556115,27.0,
0.19390011,0.92140824,0.1770311,12.0,
0.18418756,0.9203696,0.08690656,19.0,
0.18365029,0.9356216,0.046432085,26.0,
0.21540286,1.0078081,0.10422431,13.0,
0.33739915,1.1790323,0.57829463,19.0,
0.5542637,1.3668609,0.79518,20.0,
-0.35883534,1.5400916,2.7680302,20.0,
-0.48730287,1.5400916,2.7680302,0.0,
0.6769199,1.3267399,0.35123378,18.0,
0.3507408,1.0850743,0.5031537,19.0,
-0.20310551,0.9758707,3.1204884,20.0,
-0.2211933,0.95811903,-3.0313966,20.0,
-0.019460518,1.404098,2.232688,19.0,
0.7090493,1.3175412,-0.01776972,20.0,
0.32449353,1.1291842,-0.26243564,19.0,
0.37153703,1.2176,-0.4278789,20.0,
0.7647674,1.5125822,1.1841203,20.0,
-0.06887893,1.0738373,2.4541597,19.0,
-0.13145123,1.0738373,2.4541597,0.0,
-0.11400544,0.9237288,2.464527,19.0,
-0.060037095,1.1412538,2.1859398,21.0,
-0.44232363,1.3507861,2.955367,18.0,
-0.8322114,1.3634949,-2.498469,19.0,
-0.7383817,1.320394,-2.4350066,20.0,
-1.2511107,1.3808455,-1.7011153,19.0,
1.0975974,1.3706993,-0.94567883,19.0,
-1.4488497,1.4270449,-1.9634451,19.0,
-1.2499839,1.426614,-2.212891,19.0,
-0.7895692,1.5135273,3.0051944,20.0,
-1.0567193,1.5135273,3.0051944,0.0,
-0.31640872,1.3417768,2.3625429,19.0,
-0.4924772,1.4323802,2.5147917,19.0,
-1.6697956,1.5027691,-2.5746126,20.0,
-1.7358034,1.4556702,-2.2606425,19.0,
-2.3104603,1.4924555,-1.9823229,20.0,
-2.3122985,1.5069288,-2.0343804,19.0,
-3.1355557,1.4868462,-1.4373215,19.0,
2.478926,1.4293368,-1.2060435,19.0,
1.5983101,1.4023007,-0.8424619,19.0,
0.99003786,1.3634517,-0.2635172,20.0,
0.9089653,1.3634517,-0.2635172,1.0,
0.72522056,1.3182471,-0.09526078,18.0,
0.6718767,1.2676904,-0.17307559,19.0,
0.7669084,1.3157651,-0.19758636,20.0,
1.0303901,1.3836222,-0.3702846,19.0,
1.1578424,1.5126098,0.023768565,19.0,
0.3281997,1.4057673,0.8583048,19.0,
0.4328145,1.307546,0.5045287,19.0,
0.89265966,1.4180915,-0.009009879,19.0,
-2.7346323,1.5384908,-2.0842857,20.0,
-0.39009315,1.4589627,1.9791427,20.0,
-0.67044157,1.4589627,1.9791427,0.0,
-0.39092916,1.31284,1.8058432,19.0,
-0.25199193,1.1914505,1.6408752,20.0,
-0.18534927,1.2061279,1.4706097,19.0,
-0.401984,1.2034318,1.9974531,19.0,
-0.44284892,1.1813487,2.1432924,20.0,
-0.476488,1.2850525,2.0271766,19.0,
-2.9640515,1.4312435,-2.1822472,19.0,
0.7295252,1.184969,-1.2450954,20.0,
0.52588516,1.3344584,0.052269883,20.0,
-0.019877147,1.2719144,1.0818179,20.0,
-0.20397937,1.2719144,1.0818179,0.0,
0.0066661914,1.3043593,0.6704414,18.0,
-0.17578082,1.4002038,0.9568868,18.0,
-0.19951093,1.3337393,1.0353975,20.0,
-0.21842755,1.2264317,1.1399156,19.0,
-0.21660137,1.1313171,1.1957006,19.0,
-0.22466242,1.1130627,1.2267646,19.0,
-0.19484197,1.113497,1.1529819,19.0,
-0.1618773,1.0939479,1.0809128,19.0,
-0.10713097,1.0383651,0.9604169,20.0,
-0.03716075,1.0343962,0.7791392,19.0,
-0.087470025,1.0343962,0.7791392,0.0,
-0.023087688,0.9784515,0.6058454,19.0,
0.0075099147,0.9135885,0.51669776,19.0,
-0.0017917161,0.8673794,0.5450635,19.0,
0.18326162,0.875925,-0.04690184,206.0,
0.13082185,0.875925,-0.04690184,0.0,
-0.30869326,0.7187254,1.5893968,198.0,
-0.35511434,0.7187254,1.5893968,0.0,
-0.44258007,1.2476836,1.1117039,202.0,
-0.52775115,1.2476836,1.1117039,0.0,
-1.4271888,1.4577531,1.8603122,193.0,
-1.5280379,1.4577531,1.8603122,0.0,
0.67170346,1.51489,-0.7960731,198.0,
0.6168141,1.51489,-0.7960731,0.0,
-0.7822102,1.1700479,1.6562631,198.0,
-0.8136697,1.1700479,1.6562631,1.0,
-0.51724654,1.3165263,0.7133443,198.0,
-0.55256915,1.3165263,0.7133443,0.0,
-0.3731051,1.2047471,0.5195348,197.0,
-0.4309562,1.2047471,0.5195348,0.0,
-0.56333613,1.2107488,0.80678856,198.0,
-0.6315616,1.2107488,0.80678856,0.0,
-0.42077422,1.1346245,0.44901392,199.0,
-0.503264,1.1346245,0.44901392,1.0,
-0.26435935,0.9983634,-0.004777818,197.0,
-0.3328218,0.9983634,-0.004777818,0.0,
-0.4081282,0.84520584,0.36462146,199.0,
-0.46331748,0.84520584,0.36462146,0.0,
-1.3999548,1.2734259,1.3563769,196.0,
-1.5400894,1.2734259,1.3563769,0.0,
2.9962983,1.5196726,2.150316,197.0,
2.8926117,1.5196726,2.150316,0.0,
1.7236905,1.3561122,2.750659,198.0,
1.8311838,1.3561122,2.750659,1.0,
2.3221815,1.459869,2.629859,197.0,
2.4817588,1.459869,2.629859,0.0,
1.3540603,1.2003238,2.7090042,198.0,
1.5196505,1.2003238,2.7090042,0.0,
-2.5296187,1.3057435,1.9663378,1137752.0,
-2.6721978,1.3057435,1.9663378,0.0,
2.8819728,1.2532767,2.2266257,0.0,
2.640391,1.2532767,2.2266257,0.0,
-2.2422082,1.2651849,1.7459425,0.0,
-2.5748916,1.2651849,1.7459425,0.0,
-0.51571006,0.51648533,0.7166669,0.0,
-0.491062,0.51648533,0.7166669,0.0,
-1.6221222,1.2629669,0.92310345,0.0,
-1.9844382,1.2629669,0.92310345,0.0,
-3.1285899,1.1611524,1.4544814,0.0,
2.45601,1.1611524,1.4544814,0.0,
-2.9023662,1.3853168,1.1136972,0.0,
-3.1402,1.3853168,1.1136972,0.0,
2.4897575,1.2041852,1.3893949,0.0,
2.3416312,1.2041852,1.3893949,0.0,
1.8051064,1.3878618,2.0804822,0.0,
2.7991307,1.257791,1.1805935,0.0,
2.609153,1.2106544,1.2488543,0.0,
1.4853424,1.185352,2.0738246,0.0,
-2.914233,1.1278598,0.92330694,0.0,
-3.0815074,1.1278598,0.92330694,0.0,
-2.560523,1.2216566,0.64338654,0.0,
-2.995347,1.2978672,0.85442907,0.0,
2.5613477,1.315177,1.3254026,0.0,
2.5708795,1.3722816,1.3653556,0.0,
2.6808045,1.3249204,1.250092,0.0,
2.5045624,1.2599614,1.313734,0.0,
2.3579175,1.1881547,1.3254006,0.0,
2.660591,1.2190729,1.1871417,0.0,
-2.5536737,1.2455467,0.6179999,0.0,
1.1008667,1.5294261,2.9368587,0.0,
1.0785323,1.5294261,2.9368587,0.0,
2.1798496,0.9910584,1.1128781,0.0,
-0.8423323,0.71004313,0.51427656,0.0,
-1.8756092,0.969772,0.64518076,0.0,
-2.8916621,1.2257551,0.78885406,0.0,
-2.0698693,1.321819,0.14222126,0.0,
1.1885195,1.5113014,2.8035474,0.0,
1.3073162,1.1878799,2.2668018,0.0,
1.9893548,1.1425166,1.4951817,0.0,
2.5860946,1.3090978,1.285756,0.0,
-2.7707484,1.2865233,0.69038457,0.0,
-2.7874339,1.2865233,0.69038457,0.0,
-2.2333355,1.1324487,0.50199175,0.0,
1.0410427,1.4739556,2.9112225,0.0,
1.6073992,0.9052419,1.1455605,0.0,
-1.3620454,0.86810577,0.62540096,0.0,
-1.7081658,1.0348592,0.3016547,0.0,
-1.3268719,1.2344689,-0.4901036,0.0,
2.6071706,1.4631207,1.3760524,0.0,
1.2494171,1.0622622,2.154145,0.0,
1.5769604,1.0897381,1.7813467,0.0,
2.723299,1.2305452,1.139766,0.0,
2.7801826,1.2305452,1.139766,0.0,
-2.8999248,1.2276008,0.81144935,0.0,
-3.05791,1.2841312,0.8899699,0.0,
-2.9593623,1.2683668,0.8329456,0.0,
2.3708882,1.3853747,1.5464627,0.0,
2.7015774,1.1461616,1.1296294,0.0,
-2.1382954,1.0549442,0.58940595,0.0,
2.3787272,1.3696476,1.5249765,0.0,
1.3984824,1.250298,2.2879205,0.0,
2.2968013,1.37106,1.5940125,0.0,
-2.8712585,1.1835074,0.81339264,0.0,
-2.8298762,1.1835074,0.81339264,0.0,
2.9965217,1.1519556,1.0259584,0.0,
2.62721,1.159437,1.1996613,0.0,
-2.4880593,1.1174033,0.6969145,0.0,
0.45376945,0.97003156,-2.8707771,0.0,
-0.63433117,0.8156315,0.89601314,0.0,
-0.3894107,0.6004327,0.7867025,0.0,
-1.4461087,0.91674984,0.36547917,0.0,
-2.1074054,1.180895,0.38975158,0.0,
-1.577921,1.3323797,-0.3054065,0.0,
-1.0670524,1.4570346,-0.9940613,0.0,
-1.0709016,1.4570346,-0.9940613,0.0,
1.4839505,1.1838932,2.1150815,0.0,
1.9471804,1.1385179,1.5867527,0.0,
2.4713147,1.3023498,1.4097103,0.0,
-2.9899013,1.1842017,0.8868096,0.0,
-2.9424314,1.239895,0.84767896,0.0,
2.6594963,1.311911,1.2832997,0.0,
1.8492048,1.1796201,1.7373765,0.0,
2.0396817,1.0143392,1.2960255,0.0,
-1.7807406,1.0056337,0.46516502,0.0,
-1.5721947,1.0536319,0.1409701,0.0,
-1.574525,1.0536319,0.1409701,0.0,
-2.9582484,1.4256445,0.81160927,0.0,
1.2140749,1.1562023,2.4111784,0.0,
1.9090153,1.2215478,1.7551211,0.0,
2.6740203,1.283387,1.2582142,0.0,
3.0822754,1.2607502,0.99649894,0.0,
2.6806097,1.2579131,1.2373776,0.0,
2.577067,1.2206353,1.2735646,0.0,
1.2664213,1.2203845,2.4288013,0.0,
-2.067133,1.0504482,0.5674784,0.0,
-2.1216195,1.1636343,0.42227,0.0,
-2.1069944,1.1636343,0.42227,0.0,
-2.9386222,1.3057592,0.8400698,0.0,
2.2564032,1.3181796,1.6055908,0.0,
2.1426706,1.3535168,1.7400124,0.0,
2.5363133,1.3303761,1.401374,0.0,
2.7445655,1.3352146,1.2522243,0.0,
2.6285803,1.199563,1.2395104,0.0,
2.6646883,1.2141137,1.2295691,0.0,
-3.1188788,1.2403221,0.960447,0.0,
0.7379873,1.3758124,-3.0540388,0.0,
0.66361237,0.78153795,1.0868002,0.0,
0.7495667,0.78153795,1.0868002,0.0,
-1.0680526,0.7496934,0.43993312,0.0,
-1.7952397,1.124498,0.21309572,0.0,
-2.923016,1.4328527,0.77512723,0.0,
-2.372391,1.4240832,0.31362894,0.0,
-3.0312252,1.4890159,0.85708874,0.0,
1.9663717,1.3044558,1.8186889,0.0,
1.5668772,1.1436974,1.9643329,0.0,
2.1421583,1.284516,1.6439784,0.0,
-3.114429,1.2609359,0.9403745,0.0,
-2.8466077,1.2320287,0.7922192,0.0,
-2.8081975,1.2320287,0.7922192,0.0,
2.8598485,1.3029994,1.1587726,0.0,
2.7575424,1.2499019,1.1978333,0.0,
2.8512743,1.233984,1.1356435,0.0,
-3.0657904,1.277353,0.92948407,0.0,
-2.9388385,1.2017853,0.87411565,0.0,
2.9149122,1.3129249,1.1257889,0.0,
2.4706464,1.2736877,1.3997993,0.0,
2.322072,1.2594662,1.4899281,0.0,
2.5669162,1.319455,1.3705857,0.0,
2.739869,1.3818066,1.2820092,0.0,
2.7497835,1.3818066,1.2820092,0.0,
2.6050668,1.3736274,1.3896127,0.0,
2.6197295,1.3069606,1.3312603,0.0,
2.5696247,1.1767684,1.260359,0.0,
2.7659497,1.2023733,1.1743472,0.0,
2.6017811,1.3468596,1.373018,0.0,
-3.1380076,1.3301193,0.98099786,0.0,
-2.7695544,1.272387,0.75660694,0.0,
3.1021948,1.2927574,1.0082805,0.0,
2.914637,1.2556804,1.1150779,0.0,
2.9612863,1.2630949,1.0897355,0.0,
2.9739993,1.2630949,1.0897355,0.0,
2.9540236,1.3160611,1.1157876,0.0,
3.025143,1.3183159,1.068545,0.0,
2.8954597,1.3181455,1.1559502,0.0,
2.807403,1.2405399,1.1792725,0.0,
2.9362164,1.2933842,1.1211747,0.0,
2.9176726,1.2876816,1.1312586,0.0,
2.7532308,1.356218,1.2737031,0.0,
2.5212183,1.3871394,1.474543,0.0,
2.504391,1.3570895,1.4636611,0.0,
2.5495498,1.2936635,1.3783638,0.0,
2.5413125,1.2936635,1.3783638,0.0,
2.6016893,1.2357407,1.2924831,0.0,
2.7291577,1.183287,1.1849034,0.0,
2.6432652,1.2130679,1.2509927,0.0,
2.4098098,1.3554273,1.5312333,0.0,
2.9885232,1.3177686,1.0886993,0.0,
-2.8336177,1.3036704,0.78640276,0.0,
-0.19945395,1.4652928,-1.931222,0.0,
1.4055893,0.86958206,1.1625638,0.0,
-1.2236874,0.8272421,0.50556654,0.0,
-1.7044597,1.1576372,0.1148553,0.0,
-1.703531,1.1576372,0.1148553,0.0,
-2.813997,1.3336138,0.75921464,0.0,
2.8110611,1.3656838,1.2295974,0.0,
1.8222573,1.3565747,2.0413759,0.0,
2.0918972,1.2497321,1.6599742,0.0,
2.2481995,1.2589381,1.551532,0.0,
2.9066782,1.2273518,1.1120856,0.0,
-3.0623364,1.2238622,0.9442078,0.0,
-2.9779198,1.2197803,0.9003957,0.0,
2.9397054,1.2669657,1.105877,0.0,
1.9013568,1.34602,1.9533944,0.0,
1.928857,1.34602,1.9533944,0.0,
1.7006528,1.3322448,2.1512487,0.0,
2.5555685,1.2826204,1.384028,0.0,
-3.1177921,1.2394986,0.9999,0.0,
2.8029006,1.3031669,1.2324643,0.0,
2.5427377,1.2751023,1.3864278,0.0,
2.3857532,1.3064396,1.5267141,0.0,
2.4383996,1.3322172,1.5119296,0.0,
2.7139647,1.2959116,1.2874578,0.0,
2.0547066,1.3245845,1.8137693,0.0,
3.042627,1.1858906,1.0593426,0.0,
3.040467,1.1858906,1.0593426,0.0,
3.0368962,1.2517995,1.0713776,0.0,
2.7549667,1.3261188,1.2750705,0.0,
2.7461374,1.3422289,1.2901663,0.0,
2.4495645,1.3323451,1.5009383,0.0,
2.431034,1.3321368,1.5148163,0.0,
2.424924,1.297081,1.4855974,0.0,
2.4947915,1.2032728,1.3488019,0.0,
2.6050463,1.1847042,1.2712636,0.0,
3.0235884,1.3725147,1.0995003,0.0,
2.887718,1.3669168,1.1983382,0.0,
2.9155135,1.3669168,1.1983382,0.0,
-2.7148297,1.3255572,0.74348265,0.0,
1.1607397,1.173342,2.553777,0.0,
2.7471862,1.0900904,1.1607177,0.0,
-1.7749438,1.014013,0.5506352,0.0,
-2.6640494,1.2889068,0.73260146,0.0,
-2.863609,1.3580381,0.8332926,0.0,
3.0719056,1.3455591,1.0818359,0.0,
2.5546017,1.2870752,1.405487,0.0,
2.2609558,1.2663736,1.591303,0.0,
2.2334578,1.2663736,1.591303,0.0,
2.8833504,1.4538146,1.231795,0.0,
2.8929067,1.4538146,1.231795,0.0,
2.027209,1.3219353,1.8351564,0.0,
2.0564377,1.3219353,1.8351564,0.0,
-3.0674276,1.3930887,0.9969372,0.0,
-3.0548663,1.3930887,0.9969372,0.0,
1.9946328,1.2225494,1.7491509,0.0,
2.0135455,1.2225494,1.7491509,0.0,
2.882316,1.3228048,1.2487452,0.0,
2.8470867,1.3228048,1.2487452,0.0,
2.527956,1.2959299,1.4441378,0.0,
2.5261636,1.2959299,1.4441378,0.0,
-1.8634714,1.4731007,-0.096757576,0.0,
-1.8778077,1.4731007,-0.096757576,0.0,
2.8810587,1.3346922,1.2169915,0.0,
2.8889387,1.3346922,1.2169915,0.0,
-2.2804515,1.2435479,0.5483724,0.0,
-2.4308927,1.4225096,0.46931443,0.0,
1.6169138,1.2819905,2.1721141,0.0,
2.1135156,1.2786211,1.7173688,0.0,
2.514259,1.2971458,1.4455744,0.0,
2.958401,1.2964568,1.1595516,0.0,
2.8771448,1.250952,1.1913232,0.0,
2.6195462,1.2276603,1.3199016,0.0,
2.718158,1.2467982,1.2781651,0.0,
2.698596,1.3571926,1.3623202,0.0,
2.6775773,1.3571926,1.3623202,0.0,
0.70686626,0.911755,2.9826663,0.0,
-1.4509063,0.97378385,0.37388167,0.0,
-1.6505694,0.9985636,0.5356121,0.0,
-2.0667686,1.1401227,0.5343091,0.0,
3.126085,1.3200597,1.0412581,0.0,
2.0082574,1.3469388,1.8856012,0.0,
2.185488,1.2446283,1.6025561,0.0,
2.7523255,1.2789236,1.2627399,0.0,
2.9687848,1.1805029,1.1062266,0.0,
-2.849099,1.3445162,0.8298605,0.0,
-2.9056344,1.3445162,0.8298605,0.0,
2.6124845,1.31351,1.3413804,0.0,
2.7577863,1.3531529,1.2647011,0.0,
2.2058969,1.3917072,1.734758,0.0,
2.3438847,1.3843291,1.6100479,0.0,
2.5401216,1.2136095,1.3036227,0.0,
2.8552902,1.1257422,1.0955392,0.0,
-3.020295,1.2145481,0.93311113,0.0,
2.983542,1.3064246,1.0929499,0.0,
-3.1238508,1.2634608,0.98283786,0.0,
-2.6406991,1.2808079,0.68772596,0.0,
-2.6498075,1.2808079,0.68772596,0.0,
2.416513,1.369919,1.531628,0.0,
-0.99711525,0.79634774,0.6436276,0.0,
-0.98029214,0.7429165,0.034238167,0.0,
-2.1680427,1.2241921,0.42482305,0.0,
-2.8854945,1.3843474,0.7955729,0.0,
3.1124442,1.2746866,1.0045512,0.0,
2.1142814,1.2276419,1.5947579,0.0,
1.4525871,1.145362,2.078609,0.0,
2.0600588,1.2080942,1.607104,0.0,
2.6167223,1.2752173,1.3042907,0.0,
-1.5231209,1.1674442,-0.061267007,0.0,
-1.0878487,1.1674442,-0.061267007,0.0,
-1.2927917,1.2298461,0.12027899,0.0,
-1.305327,1.2298461,0.12027899,0.0,
-1.2765552,1.2424346,0.0685872,0.0,
-1.2932788,1.2424346,0.0685872,0.0,
-1.4177628,1.3775961,0.025182867,0.0,
-1.4519382,1.3775961,0.025182867,0.0,
-1.469063,1.3656816,0.05941395,0.0,
-1.4787375,1.3656816,0.05941395,0.0,
1.4986206,1.502806,2.9995358,0.0,
1.9214482,1.502806,2.9995358,0.0,
1.9262017,1.4944738,2.9835556,0.0,
1.9326426,1.4944738,2.9835556,0.0,
1.9567648,1.4909797,2.955642,0.0,
1.959077,1.4909797,2.955642,0.0,
1.5412356,1.530228,-2.8615143,0.0,
1.535183,1.530228,-2.8615143,0.0,
2.1343348,1.5026124,2.79743,0.0,
2.1377606,1.5026124,2.79743,0.0,
2.0979254,1.509542,2.84389,0.0,
2.1065397,1.509542,2.84389,0.0,
2.1901278,1.5048646,2.758691,0.0,
2.1939394,1.5048646,2.758691,0.0,
1.9801157,1.5085797,2.9679549,0.0,
1.9832551,1.5085797,2.9679549,0.0,
2.1685424,1.5079939,2.789439,0.0,
2.1766572,1.5079939,2.789439,0.0,
2.2262344,1.5010083,2.7346575,0.0,
2.225356,1.5010083,2.7346575,0.0,
2.162042,1.493502,2.7859643,0.0,
2.160684,1.493502,2.7859643,0.0,
1.9446664,1.5002729,3.000606,0.0,
1.9607021,1.5002729,3.000606,0.0,
1.8325723,1.5025922,3.1281564,0.0,
1.8375788,1.5025922,3.1281564,0.0,
2.019234,1.5000119,2.9488018,0.0,
2.0118592,1.5000119,2.9488018,0.0,
2.060808,1.4967706,2.8979557,0.0,
2.0689347,1.4967706,2.8979557,0.0,
2.1128433,1.491816,2.850303,0.0,
2.115427,1.491816,2.850303,0.0,
2.0039,1.498773,2.9651382,0.0,
1.9960724,1.498773,2.9651382,0.0,
1.8364784,1.5031852,3.125626,0.0,
1.8406323,1.5031852,3.125626,0.0,
2.1878774,1.4639524,2.7460253,0.0,
2.201353,1.4639524,2.7460253,0.0,
1.9928459,1.505437,2.9932313,0.0,
1.9944277,1.505437,2.9932313,0.0,
1.8958633,1.4770476,3.0506296,0.0,
1.8975996,1.4770476,3.0506296,0.0,
2.0310225,1.4773921,2.923894,0.0,
2.0378947,1.4773921,2.923894,0.0,
2.03915,1.4897165,2.9384933,0.0,
2.0467849,1.4897165,2.9384933,0.0,
2.0764282,1.4794788,2.8980093,0.0,
2.0736113,1.4794788,2.8980093,0.0,
2.8850784,1.564209,2.193422,0.0,
2.8773441,1.564209,2.193422,0.0,
2.148864,1.495723,2.8382766,0.0,
2.142977,1.495723,2.8382766,0.0,
2.257236,1.49185,2.7265828,0.0,
2.255673,1.49185,2.7265828,0.0,
2.2517035,1.4842298,2.7217894,0.0,
2.255972,1.4842298,2.7217894,0.0,
2.0476825,1.5055457,2.9434516,0.0,
2.0480204,1.5055457,2.9434516,0.0,
2.1028156,1.5066605,2.8922997,0.0,
2.1056147,1.5066605,2.8922997,0.0,
1.9893454,1.5031084,2.999479,0.0,
1.9771066,1.5031084,2.999479,0.0,
1.9990042,1.5227735,3.0033817,0.0,
1.984994,1.5227735,3.0033817,0.0,
2.194863,1.4506719,2.717715,0.0,
2.2011962,1.4506719,2.717715,0.0,
1.4122212,1.5442729,-2.677178,0.0,
1.4053478,1.5442729,-2.677178,0.0,
1.9652259,1.4488449,2.9265761,0.0,
1.9657837,1.4488449,2.9265761,0.0,
2.1402326,1.4569979,2.774342,0.0,
2.130575,1.4569979,2.774342,0.0,
2.1950436,1.4860398,2.7480562,0.0,
2.208094,1.4860398,2.7480562,0.0,
2.0487225,1.4667283,2.874479,0.0,
2.057459,1.4667283,2.874479,0.0,
2.0226846,1.479137,2.9225175,0.0,
2.035686,1.479137,2.9225175,0.0,
2.0560927,1.4833177,2.9082363,0.0,
2.0777664,1.4833177,2.9082363,0.0,
-1.1171179,1.2372059,0.30791968,0.0,
-1.8467313,1.2372059,0.30791968,0.0,
-1.8363227,1.2305386,0.30615473,0.0,
-1.8324515,1.2305386,0.30615473,0.0,
-1.6515985,1.2102169,0.1528908,0.0,
-1.6496534,1.2102169,0.1528908,0.0,
-2.47903,1.2790022,0.7943104,0.0,
-2.447053,1.2790022,0.7943104,0.0,
-2.5977807,1.458007,0.7953639,0.0,
-2.5408735,1.458007,0.7953639,0.0,
-2.109578,1.3912817,0.46352556,0.0,
-2.0278406,1.3912817,0.46352556,0.0,
0.102834314,1.5099033,-1.8544962,0.0,
0.16168664,1.5099033,-1.8544962,0.0,
3.0097456,1.4551164,1.5736823,0.0,
3.1121666,1.4551164,1.5736823,0.0,
1.9734726,1.3474909,2.4798074,0.0,
2.0862062,1.3474909,2.4798074,0.0,
2.1706228,1.4426953,2.5021935,0.0,
2.2770066,1.4426953,2.5021935,0.0,
2.3203883,1.3400371,2.3714788,0.0,
2.43813,1.3400371,2.3714788,0.0,
2.6435962,1.425145,2.2600129,0.0,
2.722037,1.425145,2.2600129,0.0,
2.6596603,1.401134,2.300425,0.0,
2.71403,1.401134,2.300425,0.0,
2.7443388,1.4173305,2.2823517,0.0,
2.7690198,1.4173305,2.2823517,0.0,
2.818466,1.4332621,2.2461042,0.0,
2.8591962,1.4332621,2.2461042,0.0,
2.7062294,1.3563939,2.3415253,0.0,
2.7176545,1.3563939,2.3415253,0.0,
-2.216609,1.4129316,1.2188815,0.0,
-2.216609,1.4129316,1.2188815,0.0,
2.6647794,1.4198817,2.4168422,0.0,
3.1106484,1.2355227,2.0320516,0.0,
3.0418515,1.2355227,2.0320516,0.0,
2.9219525,1.2704749,2.125441,0.0,
2.9194336,1.2704749,2.125441,0.0,
3.0111299,1.2355028,2.0520408,0.0,
3.0161374,1.2355028,2.0520408,0.0,
2.9982212,1.1925403,2.0586991,0.0,
3.0057993,1.1925403,2.0586991,0.0,
3.0728905,1.323644,2.022224,0.0,
3.0741801,1.323644,2.022224,0.0,
2.96453,1.2336261,2.0949843,0.0,
2.9566193,1.2336261,2.0949843,0.0,
3.0945213,1.2489731,1.9967747,0.0,
3.0868518,1.2489731,1.9967747,0.0,
-3.1405864,1.2682534,1.9560882,0.0,
3.1370356,1.2682534,1.9560882,0.0,
3.1041334,1.2580531,1.9802785,0.0,
3.096143,1.2580531,1.9802785,0.0,
3.101539,1.264844,1.9765671,0.0,
3.0923648,1.264844,1.9765671,0.0,
3.0123842,1.2490811,2.0341609,0.0,
3.00366,1.2490811,2.0341609,0.0,
3.0008805,1.2594905,2.0376139,0.0,
2.9846911,1.2594905,2.0376139,0.0,
3.026296,1.2533329,2.0060937,0.0,
3.020755,1.2533329,2.0060937,0.0,
3.0316954,1.2602955,1.9988027,0.0,
3.0297897,1.2602955,1.9988027,0.0,
3.0179734,1.2618247,2.0077262,0.0,
3.015815,1.2618247,2.0077262,0.0,
2.9960907,1.2601904,2.022148,0.0,
2.9893737,1.2601904,2.022148,0.0,
3.016863,1.2521881,2.00075,0.0,
3.0152555,1.2521881,2.00075,0.0,
3.012961,1.2650455,2.0040326,0.0,
3.0263958,1.2650455,2.0040326,0.0,
3.021789,1.2650455,2.0040326,0.0,
3.0210361,1.2650455,2.0040326,0.0,
3.016377,1.2650455,2.0040326,0.0,
3.0148263,1.2650455,2.0040326,0.0,
3.0114155,1.2650455,2.0040326,0.0,
3.0568411,1.2650455,2.0040326,0.0,
3.060835,1.2650455,2.0040326,0.0,
3.0638964,1.2650455,2.0040326,0.0,
3.0661776,1.2650455,2.0040326,0.0,
3.075856,1.2650455,2.0040326,0.0,
3.048103,1.250557,2.0234835,0.0,
2.7646441,1.2628105,2.2384193,0.0,
2.8371193,1.2383504,2.1760433,0.0,
2.9597826,1.195553,2.0786748,0.0,
3.0407882,1.2083588,2.0246837,0.0,
3.053798,1.2430645,2.0186656,0.0,
3.0943756,1.2768973,1.9907267,0.0,
3.0534732,1.300129,2.0236788,0.0,
3.014734,1.3045042,2.0544639,0.0,
2.985066,1.2993782,2.0770595,0.0,
2.9859524,1.2993782,2.0770595,0.0,
2.975628,1.2884386,2.0834558,0.0,
2.9602237,1.2702469,2.0922718,0.0,
2.9384801,1.25732,2.1062515,0.0,
2.9117901,1.2489177,2.124346,0.0,
2.892656,1.2384292,2.1360137,0.0,
2.9039505,1.2332379,2.12656,0.0,
2.9003077,1.2353642,2.1297019,0.0,
2.8845193,1.2449805,2.1435902,0.0,
2.9307613,1.2556969,2.1116862,0.0,
2.96864,1.2616585,2.084492,0.0,
2.9813664,1.2616585,2.084492,0.0,
3.0092242,1.274681,2.065273,0.0,
3.006856,1.280448,2.0678024,0.0,
3.0137904,1.2758512,2.0619435,0.0,
3.0294964,1.2735431,2.0497527,0.0,
3.0291414,1.2683649,2.0494719,0.0,
3.0291812,1.2704762,2.0496662,0.0,
2.995455,1.2683924,2.0748758,0.0,
2.9878592,1.2719634,2.081128,0.0,
2.97577,1.2765831,2.0910203,0.0,
3.0071647,1.269359,2.0661638,0.0,
3.0068815,1.269359,2.0661638,0.0,
3.0284257,1.2650052,2.049468,0.0,
3.0234017,1.2748531,2.054336,0.0,
3.0192199,1.2798761,2.0580873,0.0,
3.0081465,1.2755047,2.0659878,0.0,
3.005524,1.2698219,2.0672467,0.0,
3.0299668,1.2660589,2.0484266,0.0,
3.0231216,1.2671648,2.0536833,0.0,
3.011988,1.2673956,2.062074,0.0,
2.9921145,1.2636083,2.0764785,0.0,
2.9631414,1.2662022,2.098635,0.0,
2.9610436,1.2662022,2.098635,0.0,
2.9625988,1.2635353,2.0970101,0.0,
2.9530144,1.2549108,2.1026568,0.0,
2.9699368,1.2556704,2.0902152,0.0,
2.9640107,1.2632602,2.0959039,0.0,
2.963418,1.2654568,2.0967207,0.0,
2.9584286,1.260957,2.0996916,0.0,
2.9442568,1.2678776,2.1116009,0.0,
2.9597633,1.2696975,2.1002016,0.0,
2.961988,1.2642202,2.0975857,0.0,
2.9887276,1.266077,2.0777845,0.0,
2.9885097,1.266077,2.0777845,0.0,
2.982125,1.2669829,2.0827157,0.0,
2.9634256,1.2663686,2.0966787,0.0,
2.9714026,1.2612605,2.0898502,0.0,
2.9476926,1.2588779,2.1071348,0.0,
2.9518015,1.256235,2.1035893,0.0,
2.9437282,1.2578565,2.1098998,0.0,
2.9457781,1.2606549,2.108896,0.0,
2.9546,1.255355,2.1013515,0.0,
2.96389,1.2540357,2.0942326,0.0,
2.9487984,1.2555766,2.1057003,0.0,
2.9535728,1.2555766,2.1057003,0.0,
2.946648,1.2595601,2.1115835,0.0,
2.9498951,1.259107,2.1090786,0.0,
2.9605467,1.2629951,2.1018186,0.0,
2.968805,1.2671521,2.0963275,0.0,
2.9607859,1.262848,2.101614,0.0,
2.9732497,1.2569795,2.0913448,0.0,
2.9840167,1.2628956,2.084256,0.0,
2.9671783,1.2674351,2.0975978,0.0,
2.9539096,1.2616664,2.1065478,0.0,
2.9645405,1.2605582,2.098417,0.0,
2.9661102,1.2605582,2.098417,0.0,
2.9532344,1.2598302,2.107875,0.0,
2.9888575,1.2607207,2.0815208,0.0,
2.9644136,1.2604228,2.099657,0.0,
2.964999,1.2586148,2.0989134,0.0,
2.988737,1.258888,2.0813398,0.0,
3.0037324,1.2510879,2.0691812,0.0,
2.9793828,1.2430421,2.085783,0.0,
2.949247,1.2378093,2.1067312,0.0,
2.9298434,1.2397435,2.1211858,0.0,
2.903434,1.2376469,2.139921,0.0,
2.906911,1.2376469,2.139921,0.0,
2.88206,1.2375656,2.1580276,0.0,
2.893116,1.2365626,2.1497157,0.0,
2.8856084,1.2356427,2.154959,0.0,
2.9115906,1.2428288,2.1376686,0.0,
2.9442997,1.2490091,2.114914,0.0,
2.9874897,1.2597996,2.0847645,0.0,
3.0076306,1.260755,2.0699067,0.0,
3.034216,1.2651174,2.0505838,0.0,
3.0318005,1.2672395,2.0526123,0.0,
3.0251815,1.2649171,2.0573153,0.0,
3.027183,1.2649171,2.0573153,0.0,
3.0372686,1.2602129,2.0493197,0.0,
2.9993806,1.2583592,2.0771716,0.0,
2.9751437,1.2545294,2.094525,0.0,
2.9411743,1.2461157,2.1180072,0.0,
2.9297812,1.2410372,2.125309,0.0,
2.939484,1.240473,2.1181347,0.0,
2.9355845,1.2410792,2.121092,0.0,
2.9638572,1.2481171,2.1017575,0.0,
2.9939542,1.2523919,2.0803392,0.0,
3.0183415,1.2606354,2.0634036,0.0,
3.005016,1.2606354,2.0634036,0.0,
3.0196526,1.2631819,2.052854,0.0,
3.0722356,1.267251,2.0140789,0.0,
3.1114845,1.2765822,1.9850912,0.0,
3.0942147,1.2740752,1.9980032,0.0,
3.0910661,1.275198,2.0004256,0.0,
3.0154164,1.26989,2.0568202,0.0,
2.9877412,1.2587584,2.0759425,0.0,
2.949125,1.2449151,2.101994,0.0,
2.910655,1.2467321,2.1305182,0.0,
2.9008992,1.2487229,2.138148,0.0,
2.8992596,1.2487229,2.138148,0.0,
2.924696,1.2531309,2.1203516,0.0,
2.9622214,1.2548068,2.0929458,0.0,
3.020684,1.2568916,2.0501044,0.0,
3.0727787,1.2578263,2.0117846,0.0,
3.0684934,1.2580137,2.014956,0.0,
3.05699,1.2614489,2.0237205,0.0,
3.0578873,1.2691437,2.023678,0.0,
3.007156,1.278281,2.062855,0.0,
2.9885783,1.2625662,2.0746496,0.0,
2.961154,1.2577336,2.0942454,0.0,
2.969212,1.2577336,2.0942454,0.0,
2.9715397,1.2577674,2.0925293,0.0,
2.9918184,1.2519704,2.0766943,0.0,
2.9907918,1.2431161,2.076138,0.0,
2.9747512,1.2433625,2.087806,0.0,
2.9740157,1.2443874,2.0885084,0.0,
2.9780805,1.245089,2.0856678,0.0,
2.987159,1.2474269,2.0794237,0.0,
2.9900053,1.2466147,2.0772288,0.0,
2.9813497,1.2493168,2.083955,0.0,
3.000455,1.2505794,2.0701733,0.0,
2.9984522,1.2505794,2.0701733,0.0,
2.9615972,1.250637,2.0972297,0.0,
2.9747226,1.2378569,2.0855052,0.0,
2.9616678,1.2165352,2.0911412,0.0,
2.9905496,1.2008977,2.0685296,0.0,
3.0225422,1.2258024,2.0496287,0.0,
2.9852397,1.2649922,2.0820413,0.0,
2.9360447,1.2918502,2.1241124,0.0,
2.962112,1.3028913,2.105777,0.0,
3.0074863,1.3075923,2.0708365,0.0,
3.0230136,1.3223776,2.060252,0.0,
3.0150254,1.3223776,2.060252,0.0,
2.9373841,1.3181157,2.121718,0.0,
2.9456663,1.2982947,2.111509,0.0,
2.89269,1.2724632,2.1469622,0.0,
2.8870428,1.247906,2.145286,0.0,
2.8772318,1.2148923,2.1440141,0.0,
2.810571,1.1879144,2.1825838,0.0,
2.7527478,1.2087743,2.2306898,0.0,
2.7491534,1.1985601,2.2293284,0.0,
2.845162,1.1968783,2.1614726,0.0,
2.8385718,1.2329515,2.176814,0.0,
2.8370008,1.2329515,2.176814,0.0,
2.9260976,1.2519845,2.1161296,0.0,
3.0063171,1.2587725,2.0578437,0.0,
3.0858383,1.26123,1.9990817,0.0,
3.091526,1.2645757,1.9950234,0.0,
3.0829413,1.2716546,2.0018182,0.0,
3.0689116,1.2686591,2.0121615,0.0,
3.085516,1.2672577,1.999646,0.0,
3.0180545,1.2667624,2.0500855,0.0,
3.0156908,1.2617011,2.0512452,0.0,
2.9748242,1.2599733,2.0814273,0.0,
2.9718888,1.2599733,2.0814273,0.0,
2.965531,1.2547519,2.085253,0.0,
2.974478,1.2477232,2.0775125,0.0,
2.960472,1.247026,2.0876186,0.0,
2.993201,1.2499347,2.0641758,0.0,
3.0474117,1.2553318,2.0251021,0.0,
3.0497017,1.2638518,2.0241828,0.0,
3.0245016,1.271769,2.043797,0.0,
2.9800284,1.2681062,2.0766606,0.0,
2.9481995,1.258472,2.098738,0.0,
2.919836,1.2450566,2.1169152,0.0,
2.9184732,1.2450566,2.1169152,0.0,
2.9099152,1.2443935,2.123025,0.0,
2.866893,1.2435642,2.1543357,0.0,
2.8476796,1.2406396,2.167621,0.0,
3.023638,1.2642975,2.0425923,0.0,
3.0281515,1.2642975,2.0425923,0.0,
3.072497,1.27708,2.0105138,0.0,
3.0715663,1.27708,2.0105138,0.0,
3.0130754,1.2426457,2.0503688,0.0,
2.989377,1.2426457,2.0503688,0.0,
2.962085,1.2631934,2.073722,0.0,
2.9595075,1.2631934,2.073722,0.0,
2.9728885,1.2500646,2.0616016,0.0,
2.9703708,1.2500646,2.0616016,0.0,
3.0183623,1.2524194,2.026776,0.0,
3.034492,1.2524194,2.026776,0.0,
3.0659657,1.2742407,2.0049367,0.0,
3.060864,1.2742407,2.0049367,0.0,
2.9426937,1.2387005,2.0884497,0.0,
2.9464936,1.2387005,2.0884497,0.0,
3.0209765,1.2475281,2.0351484,0.0,
2.9872558,1.244588,2.0595553,0.0,
2.9947875,1.2474434,2.054424,0.0,
2.994178,1.259947,2.0566244,0.0,
3.0237277,1.2627466,2.034829,0.0,
3.0384846,1.2641182,2.0238957,0.0,
3.0570672,1.2673628,2.010205,0.0,
3.0454943,1.2686561,2.019044,0.0,
3.0159168,1.2717228,2.0417511,0.0,
3.0114386,1.2659745,2.0444472,0.0,
2.9881935,1.2659745,2.0444472,0.0,
2.9897096,1.2558947,2.041827,0.0,
2.9943612,1.2507778,2.0376663,0.0,
2.9821804,1.2455282,2.0457509,0.0,
2.9903665,1.2573887,2.0415642,0.0,
2.974021,1.2656752,2.054974,0.0,
2.9630995,1.2664201,2.0632563,0.0,
2.9710352,1.2715015,2.0581625,0.0,
2.96975,1.2775425,2.0601273,0.0,
2.980771,1.2771561,2.0517187,0.0,
2.991454,1.276238,2.0435033,0.0,
2.9871159,1.276238,2.0435033,0.0,
3.0178487,1.2746042,2.02008,0.0,
3.023705,1.272848,2.0154681,0.0,
3.009704,1.2666491,2.025208,0.0,
3.0076232,1.2615876,2.0261045,0.0,
2.9935453,1.2566564,2.0358388,0.0,
2.9982235,1.2554396,2.0322194,0.0,
3.008452,1.2618929,2.0255291,0.0,
3.004462,1.2611631,2.0283923,0.0,
3.0238805,1.2578952,2.0136313,0.0,
3.02513,1.2608663,2.0130467,0.0,
3.0271895,1.2608663,2.0130467,0.0,
3.0104635,1.2598655,2.0253074,0.0,
2.9961007,1.2581856,2.0357034,0.0,
2.9918988,1.2560203,2.038494,0.0,
3.0003364,1.2530807,2.0318713,0.0,
3.0031214,1.2529653,2.0298119,0.0,
3.0017495,1.2586911,2.031598,0.0,
3.0049224,1.2585403,2.0292327,0.0,
3.0189416,1.2587627,2.0189035,0.0,
3.0262015,1.2580806,2.0134656,0.0,
3.0241885,1.261577,2.0153496,0.0,
3.027291,1.261577,2.0153496,0.0,
2.9942753,1.2593372,2.0395088,0.0,
3.0122895,1.2609298,2.0263855,0.0,
3.01625,1.2608106,2.0234377,0.0,
3.025376,1.2607443,2.0166743,0.0,
3.0273662,1.2583255,2.0149326,0.0,
3.0216253,1.2599679,2.0193598,0.0,
3.0273025,1.2606711,2.0152404,0.0,
3.0441144,1.2583286,2.0025837,0.0,
3.0368094,1.2593496,2.008073,0.0,
3.034028,1.2607387,2.010272,0.0,
3.0387852,1.2607387,2.010272,0.0,
3.0162385,1.2679993,2.027865,0.0,
2.9991267,1.2691466,2.0408401,0.0,
2.9991517,1.2740222,2.041487,0.0,
3.0091598,1.2810346,2.0348175,0.0,
2.998473,1.2857676,2.0436,0.0,
3.0003781,1.2858521,2.0421512,0.0,
2.9747283,1.2756852,2.0602098,0.0,
3.0028594,1.2732279,2.0385818,0.0,
3.0160694,1.2734598,2.0286496,0.0,
3.0243287,1.2772257,2.022846,0.0,
3.0239112,1.2772257,2.022846,0.0,
3.066133,1.2795075,1.9910338,0.0,
3.1039898,1.2842946,1.9624877,0.0,
3.129428,1.2879475,1.9431274,0.0,
-3.1069903,1.2819194,1.9074949,0.0,
-3.0681129,1.2814795,1.8779463,0.0,
-3.025264,1.2901962,1.844365,0.0,
-3.0512855,1.291383,1.8642946,0.0,
-3.0474422,1.2871602,1.8617086,0.0,
-3.00926,1.2884794,1.8322487,0.0,
-2.7473645,1.2873302,1.6290562,0.0,
-2.7487438,1.2873302,1.6290562,0.0,
-2.885688,1.2593216,1.7429795,0.0,
2.9881208,1.2508477,2.0460038,0.0,
-2.7778296,1.3231492,1.6402118,0.0,
-2.5042446,1.3190793,1.4147954,0.0,
-2.383273,1.2548362,1.351761,0.0,
-2.4081352,1.2182729,1.395904,0.0,
-2.5026562,1.2299871,1.4632587,0.0,
-2.4448047,1.2823297,1.3856646,0.0,
-2.1156616,1.308744,1.0802656,0.0,
-1.7633959,1.2613394,0.7822129,0.0,
-1.7760109,1.2613394,0.7822129,0.0,
-1.7427264,1.1982943,0.8020956,0.0,
-1.7343814,1.2380961,0.75969833,0.0,
-1.5576135,1.1947832,0.6111776,0.0,
-1.4042861,1.1294278,0.4916441,0.0,
-1.4503593,1.1260761,0.5478358,0.0,
-1.4987555,1.1507188,0.58267343,0.0,
-1.5508877,1.1300966,0.6585036,0.0,
-1.6709927,1.1489494,0.7718829,0.0,
-1.6005524,1.1946217,0.65735936,0.0,
-1.5464151,1.1807057,0.61059755,0.0,
-1.5845972,1.1807057,0.61059755,0.0,
-1.4682643,1.0669539,0.57864213,0.0,
-1.4447361,1.0432112,0.5716785,0.0,
-1.5198039,1.0437354,0.6616916,0.0,
-1.5667111,1.0199068,0.7411796,0.0,
-1.5471789,0.9896853,0.7501441,0.0,
-1.461306,0.9458352,0.68947256,0.0,
-1.3882902,0.92737395,0.61007833,0.0,
-1.3140994,0.9380861,0.49558118,0.0,
-1.2652652,0.9548181,0.41257253,0.0,
-1.2565016,0.970553,0.38797647,0.0,
-1.3073444,0.970553,0.38797647,0.0,
-1.3033737,1.0052223,0.35410756,0.0,
-1.2587756,1.0376871,0.27096134,0.0,
-1.2458656,1.0442474,0.24955806,0.0,
-1.323044,1.0281785,0.36140648,0.0,
-1.3725356,1.0029196,0.4468299,0.0,
-1.3613118,0.97608787,0.4561568,0.0,
-1.4088166,1.0305516,0.4685405,0.0,
-1.3859851,1.098123,0.38360035,0.0,
-1.3250152,1.0648682,0.33507198,0.0,
-1.3288081,1.0266061,0.3701089,0.0,
-1.3843526,1.0266061,0.3701089,0.0,
-1.4487073,1.0205307,0.4566652,0.0,
-1.5413629,1.0628784,0.5270316,0.0,
-1.5772531,1.0945773,0.5374585,0.0,
-1.4363031,1.067991,0.39781505,0.0,
-1.3535217,1.0037032,0.35052803,0.0,
-1.3531383,0.9703987,0.3799569,0.0,
-1.4181883,1.0116191,0.42674208,0.0,
-1.5305378,1.0750976,0.5027435,0.0,
-1.5558034,1.0919676,0.51573455,0.0,
-1.5007933,1.0698904,0.47294313,0.0,
-1.5611545,1.0698904,0.47294313,0.0,
-1.5454626,1.0672978,0.45747322,0.0,
-1.5517522,1.0820532,0.4501778,0.0,
-1.5621203,1.0938993,0.45046002,0.0,
-1.546959,1.1138637,0.4144382,0.0,
-1.483882,1.1113535,0.34482852,0.0,
-1.4871355,1.1061525,0.3532538,0.0,
-1.5256371,1.1372468,0.36919364,0.0,
-1.5812964,1.1326144,0.43521094,0.0,
-1.5400076,1.1103941,0.40982786,0.0,
-1.4529594,1.1025681,0.31663406,0.0,
-1.5098162,1.1025681,0.31663406,0.0,
-1.4174802,1.097635,0.2129347,0.0,
-1.1338328,1.1309613,-0.16007039,0.0,
-1.1634334,1.1055074,-0.106641635,0.0,
-1.2790533,1.1087692,0.03534029,0.0,
-1.3602635,1.0715119,0.16661231,0.0,
-1.4230765,1.0505916,0.263817,0.0,
-1.7012535,1.1063707,0.52352107,0.0,
-1.7118275,1.1298764,0.5100436,0.0,
-1.6255822,1.1595516,0.38970226,0.0,
-1.559109,1.1514101,0.32539374,0.0,
-1.6243172,1.1514101,0.32539374,0.0,
-1.570198,1.1304331,0.287545,0.0,
-1.5488102,1.1477867,0.24676096,0.0,
-1.5738553,1.1731358,0.24979152,0.0,
-1.5939442,1.1631687,0.28112212,0.0,
-1.5515647,1.1269872,0.27029133,0.0,
-1.5188329,1.1093663,0.25095192,0.0,
-1.4896845,1.1057727,0.22097948,0.0,
-1.5044119,1.1140085,0.22983034,0.0,
-1.5356803,1.1297089,0.24981226,0.0,
-1.5705456,1.120169,0.29830503,0.0,
-1.6341176,1.120169,0.29830503,0.0,
-1.7322417,1.1093099,0.41363117,0.0,
-1.7584281,1.0810087,0.47334886,0.0,
-1.679366,1.0215849,0.46496877,0.0,
-1.5569295,0.98820317,0.36884478,0.0,
-1.472247,1.0221682,0.22257106,0.0,
-1.4968638,1.0767037,0.19113493,0.0,
-1.5765388,1.111705,0.24446249,0.0,
-1.8012329,1.1296695,0.4598779,0.0,
-1.9131668,1.1397846,0.5552865,0.0,
-1.8429217,1.126078,0.5043601,0.0,
-1.9251201,1.126078,0.5043601,0.0,
-1.8245591,1.0920358,0.44994003,0.0,
-1.7957636,1.0434564,0.4827032,0.0,
-1.8822572,1.0238189,0.59057,0.0,
-2.0583212,1.053344,0.70256335,0.0,
-2.1798072,1.0941751,0.750851,0.0,
-2.0960448,1.1425422,0.63451236,0.0,
-1.8892117,1.1747705,0.41787836,0.0,
-1.7405871,1.1405522,0.3105748,0.0,
-1.7303585,1.0927435,0.3552848,0.0,
-1.7512455,1.0545849,0.4237809,0.0,
-1.7936685,1.0545849,0.4237809,0.0,
-1.804934,1.0605798,0.42703685,0.0,
-1.9096248,1.0874676,0.49155316,0.0,
-1.903621,1.0838411,0.490534,0.0,
-1.8102651,1.0924891,0.3921984,0.0,
-1.8149487,1.0924891,0.3921984,0.0,
-1.9857688,1.0929474,0.54731536,0.0,
-2.0084977,1.0929474,0.54731536,0.0,
-2.078344,1.1179936,0.57810247,0.0,
-2.0922623,1.1179936,0.57810247,0.0,
-2.0989509,1.1204275,0.5811004,0.0,
-2.119576,1.1204275,0.5811004,0.0,
-2.3554986,1.1622834,0.72920245,0.0,
-2.3643494,1.1622834,0.72920245,0.0,
-2.4230647,1.1897434,0.75394046,0.0,
-2.4259212,1.1897434,0.75394046,0.0,
-2.6063743,1.1638716,0.9023517,0.0,
-2.5875514,1.1638716,0.9023517,0.0,
-2.475731,1.2122725,0.7910025,0.0,
-2.4345477,1.2122725,0.7910025,0.0,
-2.4879613,1.1886383,0.84705555,0.0,
-2.4560113,1.1886383,0.84705555,0.0,
-2.4027581,1.2318455,0.77717227,0.0,
-2.3677065,1.2318455,0.77717227,0.0,
-2.1199625,1.2165223,0.58129543,0.0,
-2.0915973,1.2165223,0.58129543,0.0,
-2.4935968,1.1506336,0.9519267,0.0,
-2.4739234,1.1506336,0.9519267,0.0,
-2.4096448,1.1591148,0.89943683,0.0,
-2.3800068,1.1591148,0.89943683,0.0,
3.1206577,1.1746911,1.424561,0.0,
-3.0958643,1.1746911,1.424561,0.0,
-3.053745,1.1321408,1.4009597,0.0,
-2.9916403,1.1321408,1.4009597,0.0,
2.9093113,1.2552634,1.6649699,0.0,
2.9599953,1.2552634,1.6649699,0.0,
2.896565,1.3155493,1.7260269,0.0,
2.9575763,1.3155493,1.7260269,0.0,
2.9649897,1.22852,1.7058957,0.0,
-3.0367882,1.22852,1.7058957,0.0,
3.1248822,1.2684025,1.7928708,0.0,
3.127395,1.2684025,1.7928708,0.0,
3.0853863,1.2674131,1.8241752,0.0,
3.1014717,1.2674131,1.8241752,0.0,
3.0626063,1.28038,1.8541449,0.0,
3.0699077,1.28038,1.8541449,0.0,
3.01542,1.2436435,1.8908733,0.0,
3.026049,1.2436435,1.8908733,0.0,
3.1040654,1.2648321,1.8354332,0.0,
3.1131723,1.2648321,1.8354332,0.0,
3.1186967,1.2563863,1.8311576,0.0,
3.1255317,1.2563863,1.8311576,0.0,
3.1324208,1.2595623,1.8261514,0.0,
-3.13576,1.2595623,1.8261514,0.0,
3.0441966,1.2494142,1.9008768,0.0,
3.1209593,1.2540869,1.8454362,0.0,
3.1328754,1.2587911,1.836808,0.0,
3.1162138,1.2593967,1.849022,0.0,
3.120733,1.2590001,1.8457022,0.0,
3.1155803,1.253697,1.8493396,0.0,
3.127643,1.253697,1.8493396,0.0,
3.139589,1.2536845,1.8406633,0.0,
3.115582,1.251623,1.8580465,0.0,
3.1244116,1.2509845,1.8516403,0.0,
-3.1310704,1.2524086,1.8315794,0.0,
-3.1372752,1.2532151,1.8360747,0.0,
-3.1262965,1.2541547,1.8280917,0.0,
-3.1189718,1.256495,1.8227156,0.0,
-3.09856,1.2592041,1.8077149,0.0,
-3.121285,1.2587975,1.824356,0.0,
-3.1282365,1.2572407,1.8294609,0.0,
-3.126079,1.2572407,1.8294609,0.0,
-3.1299827,1.2552546,1.8323463,0.0,
-3.127484,1.2534454,1.8305439,0.0,
-3.126509,1.253971,1.8298244,0.0,
3.1326494,1.2543439,1.8473713,0.0,
-3.12736,1.2563046,1.8304133,0.0,
-3.1333482,1.257795,1.8347874,0.0,
-3.137029,1.2573934,1.8374906,0.0,
3.1359727,1.2554277,1.8449496,0.0,
3.12681,1.2515721,1.8515971,0.0,
-3.1329324,1.2476592,1.8345686,0.0,
-3.1379352,1.2476592,1.8345686,0.0,
3.1265702,1.2517028,1.8481367,0.0,
3.1136818,1.2491546,1.8574386,0.0,
3.096208,1.252093,1.8702357,0.0,
3.1195202,1.2518266,1.8532658,0.0,
3.1155818,1.2511238,1.8561122,0.0,
3.1213796,1.2519208,1.8519152,0.0,
3.1270175,1.2520891,1.8478168,0.0,
3.1186588,1.2541827,1.8539456,0.0,
3.1097806,1.256856,1.8605075,0.0,
3.10691,1.2574084,1.8626287,0.0,
3.1099255,1.2574084,1.8626287,0.0,
3.1231368,1.2570728,1.8529072,0.0,
3.1287746,1.2572393,1.8487655,0.0,
3.1321442,1.2556936,1.8462743,0.0,
3.1344075,1.2556751,1.8446137,0.0,
3.116706,1.2527157,1.8575283,0.0,
3.1244333,1.2526157,1.8518797,0.0,
3.1305342,1.2521538,1.8474171,0.0,
3.1276054,1.25403,1.8495814,0.0,
3.128159,1.2554077,1.849194,0.0,
3.1210747,1.2538785,1.854359,0.0,
3.119954,1.2538785,1.854359,0.0,
3.1358058,1.2555357,1.8427719,0.0,
3.1212714,1.254983,1.8534173,0.0,
3.134695,1.2534176,1.843572,0.0,
3.1260078,1.2559959,1.8499624,0.0,
3.1244698,1.256772,1.8511038,0.0,
3.13285,1.254723,1.8449322,0.0,
3.1331267,1.2591182,1.8447657,0.0,
3.1277137,1.255911,1.8487098,0.0,
-3.1399653,1.2541046,1.8373386,0.0,
3.1268015,1.254378,1.8493568,0.0,
3.129951,1.254378,1.8493568,0.0,
3.1087,1.2523267,1.8648422,0.0,
3.119797,1.2548574,1.8567972,0.0,
3.123673,1.2559865,1.853979,0.0,
3.1223185,1.256431,1.8549805,0.0,
3.137199,1.2568582,1.8440638,0.0,
-3.1257992,1.2609105,1.8291807,0.0,
-3.1310017,1.2596858,1.8330334,0.0,
3.1404338,1.2576112,1.8416897,0.0,
3.1389527,1.2557775,1.8427734,0.0,
3.1285906,1.2545315,1.8503542,0.0,
3.12858,1.2545315,1.8503542,0.0,
3.132983,1.2540095,1.8471298,0.0,
3.11859,1.2531539,1.8576292,0.0,
3.1271496,1.2542392,1.8513962,0.0,
3.1221843,1.2556728,1.8550534,0.0,
3.1287932,1.2542354,1.8501946,0.0,
3.1044931,1.2547313,1.8679788,0.0,
3.107156,1.2564368,1.8660878,0.0,
3.1224062,1.2585667,1.8549452,0.0,
3.132843,1.2575867,1.847263,0.0,
3.1242013,1.2571983,1.8536019,0.0,
3.1199377,1.2571983,1.8536019,0.0,
3.1017678,1.2549275,1.8668505,0.0,
3.0910182,1.2532964,1.8746381,0.0,
3.1032608,1.2508287,1.8656036,0.0,
3.113086,1.2543532,1.8585513,0.0,
3.113241,1.2533493,1.8584101,0.0,
3.1299312,1.2539169,1.8462299,0.0,
3.1408775,1.2547516,1.8382324,0.0,
3.1342568,1.2530738,1.8430632,0.0,
3.1357021,1.258018,1.842037,0.0,
3.123016,1.2572204,1.8513428,0.0,
3.1150012,1.2572204,1.8513428,0.0,
3.1101382,1.2550693,1.8548583,0.0,
3.1184087,1.2541398,1.8487642,0.0,
3.1197217,1.2523445,1.847763,0.0,
3.1237988,1.2549682,1.8448255,0.0,
3.1261754,1.2561133,1.8430978,0.0,
3.137039,1.2558588,1.8351095,0.0,
3.1280262,1.2546633,1.841718,0.0,
-3.1300037,1.2553844,1.8232505,0.0,
3.139729,1.2557634,1.8331321,0.0,
3.1348996,1.2542826,1.8366716,0.0,
-3.1415281,1.2542826,1.8366716,0.0,
-3.1331427,1.2549238,1.8305054,0.0,
3.1342976,1.2546173,1.8420813,0.0,
-3.1394956,1.2556634,1.8351755,0.0,
-3.1290781,1.2587222,1.8274705,0.0,
-3.133632,1.2576618,1.8308442,0.0,
3.14132,1.2576579,1.8369204,0.0,
-3.1312664,1.2574972,1.8290998,0.0,
-3.1345432,1.2598474,1.8315017,0.0,
3.1346366,1.2600175,1.8418685,0.0,
-3.1380367,1.2587099,1.8340912,0.0,
-3.138031,1.2587099,1.8340912,0.0,
-3.1180074,1.2551705,1.8193967,0.0,
-3.138244,1.2546866,1.8342612,0.0,
-3.1329868,1.256886,1.8303844,0.0,
-3.1328473,1.2568436,1.830282,0.0,
-3.126117,1.2596295,1.8252863,0.0,
-3.116149,1.2593046,1.8179295,0.0,
-3.1285627,1.2584546,1.8271079,0.0,
-3.1326377,1.2566807,1.8301291,0.0,
-3.1214702,1.2618692,1.8218094,0.0,
-3.1110535,1.2628126,1.8140625,0.0,
-3.1183777,1.2628126,1.8140625,0.0,
-3.1270452,1.2596551,1.8205346,0.0,
-3.1176138,1.2568688,1.8136342,0.0,
-3.139732,1.2487499,1.8299233,0.0,
-3.1309624,1.2432157,1.823598,0.0,
-3.1385825,1.2554504,1.829067,0.0,
-3.1036694,1.274584,1.8027238,0.0,
-3.0714467,1.2808158,1.7780317,0.0,
-3.0538363,1.2776216,1.7649195,0.0,
-3.0252883,1.2755133,1.7435324,0.0,
-3.0502887,1.2744607,1.76251,0.0,
-3.0475094,1.2744607,1.76251,0.0,
-3.0674543,1.2752799,1.7775022,0.0,
-3.122724,1.2772486,1.8191761,0.0,
-3.1144142,1.2673084,1.8131506,0.0,
-3.1272972,1.2610387,1.8228569,0.0,
-3.0903401,1.2548646,1.7957861,0.0,
-3.073211,1.2541628,1.7832392,0.0,
-3.0726337,1.2607883,1.7823727,0.0,
-3.1186583,1.2683794,1.8162962,0.0,
3.1265066,1.26828,1.8447224,0.0,
3.0921788,1.2638198,1.8701789,0.0,
3.0836964,1.2638198,1.8701789,0.0,
3.061481,1.2484331,1.88554,0.0,
3.0284467,1.2360176,1.9083182,0.0,
3.0120826,1.2316251,1.9195399,0.0,
3.01865,1.2428322,1.9161869,0.0,
3.039509,1.24825,1.9015791,0.0,
3.066184,1.2466097,1.8819711,0.0,
3.0931034,1.2451689,1.8622978,0.0,
3.1124299,1.2419614,1.8481658,0.0,
3.1181676,1.2463621,1.8441166,0.0,
-3.1363049,1.2530637,1.8231956,0.0,
-3.1375918,1.2530637,1.8231956,0.0,
-3.1155055,1.2591418,1.806815,0.0,
-3.0850062,1.2674102,1.7837713,0.0,
-3.0760074,1.2762467,1.7764788,0.0,
-3.0609083,1.2860698,1.7642891,0.0,
-3.057883,1.2896687,1.761685,0.0,
-3.0811174,1.2920194,1.7794502,0.0,
-3.1000168,1.2843053,1.7943453,0.0,
-3.1155093,1.2765971,1.8063828,0.0,
-3.1407561,1.2693298,1.8255073,0.0,
3.131964,1.2613789,1.8332864,0.0,
3.1337645,1.2613789,1.8332864,0.0,
3.1231802,1.2590065,1.8411231,0.0,
3.124174,1.2609171,1.8404173,0.0,
3.1205797,1.2628453,1.84313,0.0,
3.126542,1.2604055,1.8386483,0.0,
-3.1369083,1.259565,1.8239813,0.0,
-3.1167774,1.2579854,1.8090694,0.0,
-3.13218,1.2612122,1.8204553,0.0,
-3.110104,1.2644261,1.8039293,0.0,
-3.1178741,1.2674567,1.8096678,0.0,
-3.1165924,1.267573,1.8087035,0.0,
-3.104566,1.267573,1.8087035,0.0,
-3.1268063,1.2636749,1.8253956,0.0,
-3.1410286,1.25631,1.8359842,0.0,
3.1344788,1.2549629,1.8416342,0.0,
3.119331,1.2556282,1.852795,0.0,
3.1166708,1.2543132,1.8547225,0.0,
3.1189337,1.2538788,1.853049,0.0,
3.1147258,1.2537979,1.8561391,0.0,
3.1279197,1.2568882,1.8464861,0.0,
-3.120739,1.2655865,1.8208418,0.0,
-3.1187432,1.2655865,1.8208418,0.0,
3.1411686,1.2618499,1.8381777,0.0,
3.1394134,1.2618499,1.8381777,0.0,
3.1107564,1.2559063,1.8592978,0.0,
3.1174054,1.2559063,1.8592978,0.0,
-0.87096494,-0.18903008,-0.62169975,0.0,
-1.9526551,-0.18903008,-0.62169975,0.0,
-2.219793,-0.104570374,-0.3268843,0.0,
-2.2171328,-0.104570374,-0.3268843,0.0,
-2.3540695,-0.10065895,-0.2145053,0.0,
-2.3134162,-0.10065895,-0.2145053,0.0,
-2.2726665,-0.12747978,-0.22635496,0.0,
-2.276181,-0.13137259,-0.21693848,0.0,
-2.278771,-0.13039985,-0.21528813,0.0,
-2.269897,-0.13297796,-0.22202922,0.0,
-2.258005,-0.120658904,-0.25379175,0.0,
-2.2454202,-0.11643329,-0.27632412,0.0,
-2.1946404,-0.16291673,-0.27341092,0.0,
-2.187042,-0.14551495,-0.3154743,0.0,
-2.231263,-0.095860586,-0.32676247,0.0,
-2.256619,-0.121286295,-0.2546645,0.0,
-2.2991498,-0.11318757,-0.21479957,0.0,
-2.3114264,-0.09160336,-0.22773734,0.0,
-2.29584,-0.08722504,-0.25142497,0.0,
-2.3021436,-0.081635915,-0.25075504,0.0,
-2.3157496,-0.07067232,-0.24774498,0.0,
-2.3403423,-0.056797117,-0.23517554,0.0,
-2.3723621,-0.043641597,-0.21404153,0.0,
-2.3627524,-0.04078358,-0.22732657,0.0,
-2.2971532,-0.049028773,-0.2966167,0.0,
-2.2460616,-0.049028773,-0.2966167,0.0,
-2.2245326,-0.0747182,-0.2921986,0.0,
-2.284807,-0.058184415,-0.23325938,0.0,
-2.3175104,-0.014079033,-0.24471842,0.0,
-2.3109853,-0.035692018,-0.22834957,0.0,
-2.3114188,-0.03108159,-0.2330813,0.0,
-2.3238518,-0.025826422,-0.22424701,0.0,
-2.3415017,-0.031671677,-0.19794299,0.0,
-2.3366482,-0.032033425,-0.20291539,0.0,
-2.308501,-0.0441596,-0.22154886,0.0,
-2.2808497,-0.04733639,-0.25164065,0.0,
-2.27689,-0.040966827,-0.26463893,0.0,
-2.2933586,-0.033305567,-0.25271502,0.0,
-2.3024693,-0.030118786,-0.24506892,0.0,
-2.2953498,-0.03255505,-0.2510929,0.0,
-2.300898,-0.022048239,-0.25632644,0.0,
-2.3212519,0.005600264,-0.2614067,0.0,
-2.380238,-0.0064959154,-0.18202467,0.0,
-2.4433868,-0.016871385,-0.11208712,0.0,
-2.4249685,-0.0033721072,-0.14056468,0.0,
-2.3867474,-0.022914372,-0.15962492,0.0,
-2.2621565,-0.022914372,-0.15962492,0.0,
-2.2441015,-0.04492198,-0.15172085,0.0,
-2.2656531,-0.034217022,-0.14174832,0.0,
-2.2432394,-0.03403439,-0.16699061,0.0,
-2.2005053,-0.051520888,-0.19491784,0.0,
-2.1775477,-0.06529707,-0.2043682,0.0,
-2.1648874,-0.07658185,-0.20360903,0.0,
-2.1738427,-0.08031773,-0.18542342,0.0,
-2.165592,-0.10092869,-0.16225187,0.0,
-2.146915,-0.113768585,-0.16433614,0.0,
-2.150585,-0.10297849,-0.17847152,0.0,
-2.1509144,-0.10642515,-0.17199449,0.0,
-2.154836,-0.1078403,-0.16434725,0.0,
-2.1737902,-0.101209,-0.15150662,0.0,
-2.184951,-0.09119526,-0.15397693,0.0,
-2.18487,-0.08469701,-0.16432892,0.0,
-2.186444,-0.07952058,-0.17047086,0.0,
-2.1931443,-0.07169415,-0.17413002,0.0,
-2.207126,-0.06323689,-0.16948803,0.0,
-2.2224238,-0.05689042,-0.16030797,0.0,
-2.2374754,-0.052410208,-0.14918709,0.0,
-2.0699267,-0.052410208,-0.14918709,0.0,
-2.0772457,-0.048434664,-0.14507115,0.0,
-2.0865362,-0.040566668,-0.14529169,0.0,
-2.0830708,-0.04356852,-0.14510655,0.0,
-2.0689123,-0.052387472,-0.15091439,0.0,
-2.0590932,-0.056181237,-0.15985037,0.0,
-2.0611153,-0.056973755,-0.15473865,0.0,
-2.069345,-0.056451116,-0.14205094,0.0,
-2.075044,-0.058037378,-0.1297284,0.0,
-2.0747058,-0.062668115,-0.12105267,0.0,
-2.0703557,-0.07015479,-0.112715974,0.0,
-2.0826824,-0.06809675,-0.098277755,0.0,
-2.100659,-0.06659767,-0.07588664,0.0,
-2.1128893,-0.067495145,-0.058220357,0.0,
-2.1295707,-0.060872536,-0.049193982,0.0,
-2.1373496,-0.06527423,-0.032478847,0.0,
-2.10206,-0.08453917,-0.040391427,0.0,
-2.0815032,-0.096788794,-0.042754963,0.0,
-2.100156,-0.09228734,-0.028030012,0.0,
-2.1419094,-0.07200269,-0.015961464,0.0,
-2.19921,-0.046883624,0.004366372,0.0,
-1.8539972,-0.046883624,0.004366372,0.0,
-1.9010915,-0.02688274,0.021922018,0.0,
-1.9203067,-0.020892646,0.0341089,0.0,
-1.9190102,-0.020923272,0.032267693,0.0,
-1.8977495,-0.027264198,0.017614843,0.0,
-1.8675867,-0.038212355,-2.6916247E-4,0.0,
-1.8562573,-0.0425765,-0.0071139415,0.0,
-1.8450004,-0.045394596,-0.02050308,0.0,
-1.8255134,-0.051982522,-0.039931025,0.0,
-1.8027081,-0.064397395,-0.04470777,0.0,
-1.7914009,-0.07130357,-0.04322179,0.0,
-1.7823638,-0.07684121,-0.04156675,0.0,
-1.8058779,-0.062027287,-0.047193203,0.0,
-1.7910259,-0.06578987,-0.07474229,0.0,
-1.7787348,-0.07648803,-0.05643134,0.0,
-1.8134502,-0.058950055,-0.040500045,0.0,
-1.8008671,-0.061951753,-0.062757455,0.0,
-1.8319801,-0.03734081,-0.084940515,0.0,
-1.8577446,-0.019561836,-0.08741269,0.0,
-1.7425101,-0.10979089,0.043517713,0.0,
-1.6561959,-0.14915234,0.056668874,0.0,
-1.439201,-0.14915234,0.056668874,0.0,
-1.7124351,-0.038747635,0.0042859497,0.0,
-2.1190994,0.099002525,0.10870832,0.0,
-2.2236052,0.27372083,-0.031140761,0.0,
-2.066274,0.31673357,-0.2456883,0.0,
-2.0873587,0.222383,-0.10051659,0.0,
-1.9549482,0.09577271,-0.03776476,0.0,
-1.7931993,0.04040981,-0.17397311,0.0,
-1.6944853,0.006352317,-0.47554174,0.0,
-1.7566286,0.024151111,-0.22119626,0.0,
-2.1967242,0.12989168,0.11609436,0.0,
-2.0963616,0.17153814,-0.019109143,0.0,
-2.373857,0.17554122,0.16501375,0.0,
-2.260011,0.17269969,0.10463793,0.0,
-2.1477785,0.114631124,0.10506018,0.0,
-2.079553,0.0597384,0.14637132,0.0,
-2.0652652,0.09220001,0.08001076,0.0,
-2.2113338,0.16638705,0.08023855,0.0,
-2.282834,0.15027383,0.14237574,0.0,
-2.2881951,0.12079931,0.17702669,0.0,
-2.387529,0.15092447,0.19339891,0.0,
-1.6783546,0.15092447,0.19339891,0.0,
-1.6731347,0.14417864,0.22057463,0.0,
-1.5061796,0.0737021,0.12489531,0.0,
-1.4686979,0.04903811,0.055766817,0.0,
-1.4970603,0.06732483,0.08023157,0.0,
-1.5338209,0.08805306,0.13032809,0.0,
-1.5859913,0.111271955,0.18117373,0.0,
-1.602124,0.1149552,0.22566368,0.0,
-1.5713296,0.1033364,0.21052723,0.0,
-1.4844228,0.06594183,0.19000247,0.0,
-1.3625958,0.006251604,0.1670743,0.0,
-1.321426,-0.014339663,0.16634728,0.0,
-1.3563713,0.0031459057,0.16684957,0.0,
-1.4520674,0.049984764,0.17370261,0.0,
-1.4957305,0.07055498,0.18090665,0.0,
-1.4248943,0.038347505,0.18209803,0.0,
-1.4051653,0.020823974,0.12765937,0.0,
-1.3938657,0.0072728903,0.084067196,0.0,
-1.3845909,0.0025644258,0.08837489,0.0,
-1.4178717,0.020740308,0.07905856,0.0,
-1.4182059,0.012540596,0.020395603,0.0,
-1.4173445,0.012540596,0.020395603,0.0,
-1.3861371,-0.00814367,-0.02405041,0.0,
-1.3136592,-0.021626351,0.04741075,0.0,
-1.1863403,-0.021626351,0.04741075,0.0,
-1.2645341,-0.008349056,0.029044794,0.0,
-1.2354888,-0.008349056,0.029044794,0.0,
-1.2801926,-0.02090431,-0.048321348,0.0,
-1.2414929,-0.02090431,-0.048321348,0.0,
-1.1052972,-0.07491305,-0.06425627,0.0,
-1.0190457,-0.07491305,-0.06425627,0.0,
-0.85317165,-0.15524106,-0.077154785,0.0,
-0.75242764,-0.15524106,-0.077154785,0.0,
-0.9569115,-0.117569156,-0.13929123,0.0,
-0.83785254,-0.117569156,-0.13929123,0.0,
-0.301757,-0.062404227,0.037602186,0.0,
0.12114083,-0.062404227,0.037602186,0.0,
-0.5393852,-0.17626433,-0.13012178,0.0,
-0.34764737,-0.17626433,-0.13012178,0.0,
-0.25200948,-0.16971943,-0.10224867,0.0,
-0.0146230515,-0.16971943,-0.10224867,51.0,
0.3423399,-0.14353427,-0.024519455,108.0,
0.5595209,-0.14353427,-0.024519455,90.0,
0.063039035,-0.17229486,-0.13103004,108.0,
0.3004447,-0.17229486,-0.13103004,90.0,
0.09627439,-0.23014988,-0.16945697,108.0,
0.23131211,-0.23014988,-0.16945697,90.0,
-0.08560271,-0.30602902,-0.25412333,107.0,
0.005463782,-0.30602902,-0.25412333,90.0,
0.03027692,-0.30809453,-0.246741,107.0,
0.048753567,-0.30809453,-0.246741,90.0,
0.88875985,-0.18385562,-0.06032386,107.0,
0.8946716,-0.18385562,-0.06032386,90.0,
0.87927955,-0.16602695,-0.086702816,108.0,
0.8999656,-0.16602695,-0.086702816,91.0,
0.6639003,-0.1981783,-0.12597947,108.0,
0.63984966,-0.1981783,-0.12597947,89.0,
-0.15427743,-0.26184517,-0.29089588,108.0,
-0.031125752,-0.26184517,-0.29089588,89.0,
1.4775764,-0.10798602,0.30279282,110.0,
1.5705686,-0.10798602,0.30279282,91.0,
-1.8775592,0.24531277,-1.2639087,105.0,
-1.9191027,0.24531277,-1.2639087,90.0,
-1.8762541,0.4341036,-1.5750095,107.0,
-2.1346207,0.3530526,-1.1249741,103.0,
-2.1646988,0.3530526,-1.1249741,0.0,
-1.8671509,0.48202115,-1.6245495,198.0,
-1.855366,0.48202115,-1.6245495,0.0,
-1.6415037,0.3629049,-1.7944397,198.0,
-1.706651,0.3629049,-1.7944397,0.0,
