1.6228998,-0.7717565,0.14702913,36.0,
1.6158472,-0.77528155,0.13577156,29.0,
1.6157943,-0.7788134,0.13443021,30.0,
1.6267256,-0.78546923,0.14732967,29.0,
1.617564,-0.797766,0.13024442,29.0,
1.6251675,-0.77139217,0.15037143,30.0,
1.6232082,-0.7858522,0.14228645,30.0,
0.35350004,-0.7858522,0.14228645,0.0,
0.33704406,-0.7778982,0.12754399,28.0,
0.33730465,-0.76059955,0.12386592,29.0,
0.3274512,-0.7629633,0.11679929,30.0,
0.33384252,-0.7732569,0.12401778,29.0,
0.34215263,-0.7864948,0.13346754,30.0,
0.3788601,-0.7735407,0.15939908,29.0,
0.37165377,-0.7735407,0.15939908,21.0,
0.31424353,-0.7806286,0.11588795,9.0,
0.30502504,-0.7662051,0.1057864,29.0,
0.26008672,-0.73544073,0.06596633,30.0,
0.22281009,-0.7034246,0.033486236,30.0,
0.24276674,-0.7452664,0.054846898,30.0,
0.278679,-0.78273565,0.08865588,29.0,
0.27452052,-0.77322114,0.08371039,29.0,
0.26841304,-0.77322114,0.08371039,11.0,
0.22949539,-0.7635013,0.052231267,18.0,
0.23367961,-0.75606066,0.05425135,30.0,
0.24741049,-0.7753372,0.06783056,30.0,
0.2539478,-0.77232367,0.07237677,29.0,
0.2617662,-0.75992733,0.07625934,29.0,
0.24879684,-0.7501663,0.06472428,29.0,
0.26539907,-0.7455494,0.076468825,30.0,
0.27698722,-0.7455494,0.076468825,1.0,
0.27359447,-0.750154,0.07472691,28.0,
0.2846216,-0.75937825,0.084930345,30.0,
0.26673532,-0.75934607,0.07111642,30.0,
0.27558884,-0.7518633,0.07656958,29.0,
0.2779736,-0.7535568,0.07871403,30.0,
0.27247158,-0.7570793,0.075127155,29.0,
0.27531475,-0.7570793,0.075127155,20.0,
0.28185079,-0.7616309,0.0810131,8.0,
0.25981313,-0.7671157,0.06494917,30.0,
0.26494402,-0.752758,0.06639165,30.0,
0.27007416,-0.74943435,0.06971556,29.0,
0.29232246,-0.7619587,0.08919361,29.0,
0.2819013,-0.7649691,0.0816733,30.0,
0.28122866,-0.7587346,0.07999199,29.0,
0.2748016,-0.7587346,0.07999199,11.0,
0.28719962,-0.7549365,0.08895383,19.0,
0.28667516,-0.75774395,0.08907355,29.0,
0.27955678,-0.7593582,0.08381404,30.0,
0.27571845,-0.7562475,0.08025619,29.0,
0.25905344,-0.76228625,0.068349734,29.0,
0.2618676,-0.7656552,0.071116425,30.0,
0.25917837,-0.7622529,0.06844132,30.0,
0.2620147,-0.7622529,0.06844132,0.0,
0.2576052,-0.75886697,0.06442684,29.0,
0.2686381,-0.7701419,0.0749957,30.0,
0.28530455,-0.7717089,0.08844533,29.0,
0.279057,-0.76846516,0.08291574,29.0,
0.2829708,-0.7682726,0.08597088,30.0,
0.26247898,-0.77293104,0.07061747,29.0,
0.27108943,-0.77293104,0.07061747,21.0,
0.30710378,-0.77315545,0.09925781,8.0,
0.29462022,-0.7641969,0.08761298,31.0,
0.28785953,-0.76108414,0.08169695,29.0,
0.27889565,-0.76875967,0.07604356,29.0,
0.2902376,-0.7745596,0.08608807,29.0,
0.2792793,-0.77228045,0.07697885,30.0,
0.2745043,-0.773049,0.07333762,30.0,
0.26310226,-0.773049,0.07333762,10.0,
0.26494887,-0.77910197,0.07582123,19.0,
0.27582985,-0.77599084,0.08394023,29.0,
0.27914798,-0.77520645,0.086441554,30.0,
0.2790743,-0.7664418,0.08481627,29.0,
0.2809061,-0.76971847,0.08685576,30.0,
0.26673958,-0.77631116,0.0767719,29.0,
0.2739493,-0.7760633,0.08245724,30.0,
0.27576628,-0.7760633,0.08245724,0.0,
0.27710772,-0.77265906,0.08291573,28.0,
0.27559283,-0.77813166,0.08268398,30.0,
0.27474844,-0.7920057,0.08442508,30.0,
0.2800164,-0.7883374,0.088007376,29.0,
0.2729559,-0.7809901,0.08108901,30.0,
0.24091974,-0.7859773,0.056491554,30.0,
0.24244122,-0.7859773,0.056491554,20.0,
0.2816997,-0.7841854,0.08727771,9.0,
0.29418093,-0.7728121,0.09508029,29.0,
0.27733245,-0.767306,0.08079539,29.0,
0.26821485,-0.7797988,0.07582123,29.0,
0.28423834,-0.78064513,0.08865589,29.0,
0.29171985,-0.7748642,0.09351952,31.0,
0.2729894,-0.7824094,0.08004988,28.0,
0.27466196,-0.7824094,0.08004988,12.0,
0.27522996,-0.7851306,0.08097796,17.0,
0.2764588,-0.7912435,0.08302645,29.0,
0.26348898,-0.78686744,0.07199739,30.0,
0.26719576,-0.78953946,0.07538137,29.0,
0.2604193,-0.7979532,0.07140713,30.0,
0.28282854,-0.8006571,0.08977213,29.0,
0.26643056,-0.78403395,0.073838115,30.0,
0.26501513,-0.78403395,0.073838115,0.0,
0.2835484,-0.7793467,0.08756699,28.0,
0.2772848,-0.79051125,0.08463738,30.0,
0.2886112,-0.7839515,0.09240551,30.0,
0.2860602,-0.788142,0.09115938,29.0,
0.27546567,-0.79752207,0.08442508,30.0,
0.29721466,-0.8045207,0.1030816,29.0,
0.30486533,-0.8045207,0.1030816,20.0,
0.2784502,-0.8066596,0.08243385,10.0,
0.27193496,-0.8101203,0.07785649,28.0,
0.26993996,-0.8080081,0.07591019,29.0,
0.29132554,-0.7950784,0.090533964,30.0,
0.29922038,-0.7907061,0.095938876,30.0,
0.29712072,-0.79630697,0.09534994,29.0,
0.29664516,-0.8018518,0.09602108,30.0,
0.29569623,-0.8018518,0.09602108,10.0,
0.3010122,-0.80164486,0.100229576,19.0,
0.28458643,-0.8028777,0.0873478,30.0,
0.27172908,-0.8046147,0.077419,30.0,
0.28851095,-0.8031945,0.090533964,29.0,
0.28273132,-0.79665834,0.0847547,29.0,
0.29280668,-0.8038702,0.09408756,30.0,
0.28635237,-0.8056244,0.08925089,29.0,
0.29673448,-0.8056244,0.08925089,0.0,
0.31827468,-0.808346,0.107039176,29.0,
0.31498888,-0.8022028,0.1031784,29.0,
0.31448248,-0.8042437,0.10317839,30.0,
0.29755878,-0.81032056,0.09078814,29.0,
0.2921094,-0.80836856,0.08606691,30.0,
0.29046848,-0.8014609,0.08348749,29.0,
0.2817827,-0.8014609,0.08348749,21.0,
0.29841664,-0.7982176,0.09607205,8.0,
0.3112456,-0.80542445,0.10768988,30.0,
0.29510587,-0.8109887,0.095831804,29.0,
0.31400317,-0.80378383,0.10957345,29.0,
0.29621822,-0.8086792,0.09629219,30.0,
0.29473,-0.8201615,0.09721803,29.0,
0.29446247,-0.82366914,0.09764172,29.0,
0.28472507,-0.82366914,0.09764172,11.0,
0.2782955,-0.8200051,0.09182735,19.0,
0.27627715,-0.8115619,0.088749304,29.0,
0.2917952,-0.80499464,0.09994833,29.0,
0.2961811,-0.80356437,0.10317839,30.0,
0.278204,-0.797244,0.0877628,30.0,
0.30233422,-0.8024686,0.10787774,29.0,
0.2748865,-0.82232267,0.08948542,30.0,
0.2699939,-0.82232267,0.08948542,0.0,
0.27792227,-0.8187079,0.09522488,29.0,
0.28150493,-0.81079215,0.09670172,30.0,
0.23590918,-0.80984086,0.06040462,30.0,
0.2865188,-0.81358665,0.10120454,29.0,
0.28193894,-0.80907905,0.09674346,30.0,
0.26804957,-0.79882693,0.08395367,29.0,
0.26954034,-0.79882693,0.08395367,21.0,
0.2886584,-0.80110586,0.09938656,8.0,
0.28392157,-0.80461776,0.09629219,29.0,
0.2904884,-0.8077525,0.10206234,30.0,
0.2722136,-0.80486184,0.08710299,30.0,
0.28863296,-0.8050181,0.10008877,29.0,
0.29200533,-0.8104375,0.10376293,30.0,
0.2808309,-0.8051947,0.093956016,29.0,
0.27372468,-0.8051947,0.093956016,11.0,
0.27440774,-0.79540616,0.09275632,18.0,
0.33506984,-0.77469957,0.13588661,30.0,
0.25004476,-0.81856054,0.07755673,29.0,
0.12765622,-0.7757981,-0.021473208,30.0,
0.27903917,-0.8324774,0.102934755,30.0,
0.25325012,-0.8732313,0.08855285,29.0,
0.24905811,-0.8642604,0.08378472,30.0,
0.2535349,-0.8642604,0.08378472,0.0,
0.22550873,-0.854863,0.059653487,28.0,
0.22020605,-0.8422836,0.053679727,30.0,
0.24221234,-0.84223276,0.071307465,30.0,
0.23687114,-0.83514166,0.06598337,30.0,
0.20922847,-0.8244888,0.04258787,30.0,
0.21080707,-0.8184806,0.04302898,29.0,
0.22976649,-0.8184806,0.04302898,21.0,
0.2130337,-0.82637906,0.031019665,8.0,
0.23456047,-0.83650345,0.049450196,29.0,
0.24165797,-0.8452455,0.056403704,30.0,
0.25430018,-0.8237212,0.06313437,29.0,
0.24922623,-0.8182154,0.058255486,30.0,
0.25657934,-0.8320207,0.06627448,29.0,
0.26223117,-0.8378904,0.071733,30.0,
0.266477,-0.8378904,0.071733,10.0,
0.25803617,-0.82144904,0.06232845,18.0,
0.2571727,-0.8044614,0.058838032,30.0,
0.24642994,-0.8018807,0.050097324,29.0,
0.24141902,-0.81440365,0.04818961,30.0,
0.24302538,-0.8149963,0.049534522,29.0,
0.24679594,-0.8142583,0.052360028,30.0,
0.22935455,-0.80908763,0.038009852,30.0,
0.22701047,-0.80908763,0.038009852,0.0,
0.25122342,-0.8024727,0.055885803,28.0,
0.24272573,-0.7985232,0.048640326,30.0,
0.25309998,-0.8060095,0.05792664,30.0,
0.24908714,-0.81246793,0.055815887,30.0,
0.24198037,-0.8097731,0.0498163,29.0,
0.24428195,-0.80411625,0.05073217,29.0,
0.24633524,-0.80411625,0.05073217,21.0,
0.25407428,-0.7976972,0.05573023,9.0,
0.23151605,-0.80352,0.03908623,29.0,
0.2424223,-0.8026661,0.047450393,30.0,
0.2425027,-0.802689,0.047516655,29.0,
0.24341081,-0.8124357,0.049745556,30.0,
0.24589643,-0.809028,0.051164407,29.0,
0.2543151,-0.81149876,0.058172923,30.0,
0.26041225,-0.81149876,0.058172923,11.0,
0.25121868,-0.81381845,0.05131013,18.0,
0.24571693,-0.8146343,0.04710798,30.0,
0.26058698,-0.81520504,0.05892451,29.0,
0.2424764,-0.8126797,0.0442568,30.0,
0.25422862,-0.80478334,0.05221239,30.0,
0.27549648,-0.79326427,0.066845864,29.0,
0.24021815,-0.82152236,0.043831557,30.0,
0.2338236,-0.82152236,0.043831557,3.0,
0.21694165,-0.83631825,0.0325329,26.0,
0.22600378,-0.7937876,0.033634685,29.0,
0.24051578,-0.769533,0.040982332,30.0,
0.21731152,-0.7988488,0.027655464,29.0,
0.2517543,-0.8235439,0.05833829,30.0,
0.2567985,-0.8090175,0.05998382,29.0,
0.25932705,-0.8090175,0.05998382,21.0,
0.29103085,-0.80500644,0.08442508,9.0,
0.28666374,-0.8053562,0.08101884,29.0,
0.28260177,-0.8197622,0.0803537,30.0,
0.32905057,-0.82416505,0.11873198,29.0,
0.27676374,-0.8248575,0.07655056,30.0,
0.27296248,-0.8191225,0.07252216,29.0,
0.28650066,-0.8056443,0.08094165,30.0,
0.28602797,-0.8056443,0.08094165,11.0,
0.29218113,-0.7945285,0.08371039,19.0,
0.28125757,-0.8010268,0.07634645,30.0,
0.27278438,-0.8051438,0.070422776,29.0,
0.33440164,-0.80385804,0.11898522,30.0,
0.34388164,-0.80584663,0.12700282,31.0,
0.3502474,-0.83426166,0.13829462,28.0,
0.38523358,-0.84508085,0.16964976,30.0,
0.38105783,-0.84508085,0.16964976,0.0,
0.3517387,-0.81249756,0.13820553,29.0,
0.36751664,-0.8051865,0.14938529,28.0,
0.37696806,-0.7879406,0.15296818,30.0,
0.33388025,-0.77515423,0.11575922,29.0,
0.1833313,-0.7652392,-0.0013175223,30.0,
0.19524513,-0.7999301,0.012096184,29.0,
0.18581946,-0.7999301,0.012096184,21.0,
0.17501621,-0.80387217,0.0041840756,8.0,
0.36795002,-0.796135,0.1552137,30.0,
0.16973111,-0.76686496,-0.004043105,30.0,
0.11280549,-0.7260272,-0.0497673,30.0,
0.19706325,-0.66514385,0.0023309982,30.0,
0.23889823,-0.6483451,0.028062807,29.0,
0.2115462,-0.66298383,0.011904199,29.0,
0.20367578,-0.66298383,0.011904199,11.0,
0.18166539,-0.65051687,-0.0049019214,18.0,
0.17505805,-0.68364656,-0.005076099,30.0,
0.13372564,-0.71878725,-0.030494522,29.0,
0.16292776,-0.7547172,-0.005412667,29.0,
0.16456002,-0.7336024,-0.0065702074,29.0,
0.16167516,-0.72703785,-0.009420985,30.0,
0.23074575,-0.7500773,0.044850692,30.0,
0.22517307,-0.7500773,0.044850692,0.0,
0.19742364,-0.76235414,0.025169509,28.0,
0.1456998,-0.7480589,-0.015977336,29.0,
0.19765866,-0.7133807,0.01884199,30.0,
0.2414793,-0.6990735,0.0490404,29.0,
0.2158709,-0.6957374,0.029694239,30.0,
0.24910519,-0.70022595,0.054876182,29.0,
0.24971364,-0.70022595,0.054876182,21.0,
0.25263634,-0.7201077,0.060493115,8.0,
0.23673013,-0.74308276,0.051953204,30.0,
0.24776515,-0.7354275,0.059297156,30.0,
0.25164512,-0.74107015,0.063240096,29.0,
0.24021174,-0.75414276,0.056391757,30.0,
0.2704127,-0.7712211,0.08314124,29.0,
0.3254649,-0.79775137,0.13292421,30.0,
0.32182917,-0.79775137,0.13292421,11.0,
0.32025695,-0.8198731,0.13578716,19.0,
0.37573034,-0.79551554,0.17773671,29.0,
0.39686042,-0.78866994,0.19408248,30.0,
0.3877781,-0.77218056,0.18251885,29.0,
0.44172174,-0.8007036,0.2356007,29.0,
0.49258012,-0.8414222,0.29130563,30.0,
0.23175682,-0.8024788,0.059381325,30.0,
0.21981049,-0.8024788,0.059381325,0.0,
0.18780893,-0.7179664,0.023191717,28.0,
0.102205716,-0.67626196,-0.044107568,29.0,
-0.0028509796,-0.61598855,-0.11913652,30.0,
-0.0564953,-0.6213165,-0.15532616,29.0,
0.08727099,-0.64715827,-0.05665228,30.0,
0.0952239,-0.70671296,-0.0470989,29.0,
0.08927974,-0.70671296,-0.0470989,21.0,
0.05858596,-0.72325945,-0.06917051,9.0,
0.112479486,-0.6845894,-0.031595048,29.0,
0.13210592,-0.7018439,-0.015705515,29.0,
0.12187769,-0.7115433,-0.022482986,30.0,
0.17032377,-0.7166345,0.014453659,30.0,
0.15554322,-0.69775677,0.0012820507,28.0,
0.16705677,-0.70108503,0.010216758,30.0,
0.1639279,-0.70108503,0.010216758,10.0,
0.11274484,-0.7090817,-0.027055252,18.0,
0.16374362,-0.7149419,0.0116273835,31.0,
0.1551901,-0.7017987,0.0038022632,28.0,
0.14386809,-0.6975639,-0.005018778,29.0,
0.13380748,-0.7210771,-0.010295647,29.0,
0.14612822,-0.73137814,-0.0,30.0,
0.1644221,-0.7212377,0.012836265,30.0,
0.16066381,-0.7212377,0.012836265,0.0,
0.14221622,-0.70634705,-0.002509405,28.0,
0.19384187,-0.7140432,0.037020117,29.0,
0.2456648,-0.7334745,0.07956143,30.0,
0.14898662,-0.7666773,0.008474373,29.0,
0.11505932,-0.7867088,-0.01657307,30.0,
0.25606757,-0.777167,0.094827026,30.0,
0.24868147,-0.777167,0.094827026,20.0,
0.28799114,-0.7898441,0.12895946,9.0,
0.24865076,-0.7984582,0.098045275,29.0,
0.19121079,-0.78823715,0.05002776,29.0,
0.3739806,-0.90860754,0.22480972,31.0,
0.44877577,-0.8792945,0.2865071,28.0,
0.19270596,-0.7603002,0.047850773,30.0,
0.15227404,-0.747493,0.01486377,30.0,
0.15507168,-0.747493,0.01486377,10.0,
0.26910585,-0.74015456,0.103174575,18.0,
0.16004588,-0.7454439,0.018516403,30.0,
0.11810329,-0.7442037,-0.014029692,32.0,
0.11513599,-0.70422536,-0.019391509,27.0,
0.11001244,-0.6708555,-0.02575543,29.0,
0.074245706,-0.6475053,-0.052706126,29.0,
0.11372081,-0.65805674,-0.024120772,30.0,
0.10467857,-0.65805674,-0.024120772,1.0,
0.08476578,-0.6655695,-0.0377409,28.0,
0.0831371,-0.69691044,-0.037067413,29.0,
0.09828347,-0.7149793,-0.024734538,30.0,
0.11711951,-0.6775706,-0.013680738,30.0,
0.1220528,-0.65600854,-0.011989833,29.0,
0.10809109,-0.64641875,-0.022615192,29.0,
0.10876019,-0.64641875,-0.022615192,21.0,
0.09172768,-0.6884533,-0.031795897,9.0,
0.10511451,-0.74761444,-0.017830757,29.0,
0.10533713,-0.71901256,-0.019656708,30.0,
0.09812539,-0.72463137,-0.024702387,30.0,
0.19867772,-0.7713258,0.057707522,30.0,
0.24248034,-0.7838435,0.09462714,29.0,
-0.0049293116,-0.70370555,-0.10211274,30.0,
-0.011136906,-0.70370555,-0.10211274,10.0,
-0.15095836,-0.5479828,-0.18866761,19.0,
-0.11687446,-0.5143572,-0.16395982,29.0,
-0.11382058,-0.5074531,-0.16147763,29.0,
0.022481382,-0.58419883,-0.07919907,29.0,
0.018992808,-0.55982614,-0.081835754,30.0,
-0.15289456,-0.57958585,-0.19366504,30.0,
-0.18823178,-0.53815997,-0.21096098,30.0,
-0.17597154,-0.53815997,-0.21096098,1.0,
-0.3305505,-0.5558556,-0.3173783,28.0,
-0.42815813,-0.629654,-0.41017318,30.0,
-0.52480483,-0.697419,-0.5116763,30.0,
-0.67267066,-0.70094573,-0.6472518,29.0,
-0.1531313,-0.7585602,-0.22036241,30.0,
-0.42336434,-0.6018682,-0.39791965,29.0,
-0.3708734,-0.6018682,-0.39791965,21.0,
-0.3899955,-0.6678076,-0.43041888,8.0,
-0.22774203,-0.6492877,-0.2991869,30.0,
-0.7065746,-0.7140003,-0.7317823,30.0,
-0.60440373,-1.0703499,-0.72113895,29.0,
-0.62379223,-0.9244268,-0.71289974,30.0,
-0.4870878,-0.8982362,-0.5726503,30.0,
-0.5408919,-0.8809952,-0.6205953,28.0,
-0.4562717,-0.8809952,-0.6205953,13.0,
-0.38411298,-0.67108464,-0.50751257,16.0,
-0.55755603,-1.0297004,-0.74796766,30.0,
-0.12365132,-0.7550939,-0.3083688,29.0,
-0.09219151,-0.5941853,-0.2727189,29.0,
0.36102265,-0.61055267,0.05834492,30.0,
1.3919588,0.019665267,1.5386071,29.0,
1.3054521,-0.02226192,2.3209503,30.0,
1.3040605,-0.02226192,2.3209503,1.0,
1.4710708,-0.14041078,2.6770246,28.0,
0.9627654,-0.14080806,2.825547,29.0,
-0.37188986,-0.07423039,2.8782756,30.0,
-0.57960653,-0.06058051,2.9090135,42.0,
-1.6392545,-0.16759382,3.0020757,17.0,
-0.81657964,-0.09062578,2.9160626,30.0,
-1.273901,-0.09062578,2.9160626,21.0,
-0.9399131,-0.060367856,2.836567,11.0,
-1.3247461,-0.06561978,3.0773625,29.0,
-1.4422402,-0.117812105,3.0103686,575186.0,
-1.2083017,-0.021474048,3.0646942,0.0,
-1.3973674,-0.11131774,2.9580665,0.0,
-1.5960721,-0.11131774,2.9580665,0.0,
-1.6213714,-0.13349576,3.0262275,0.0,
-1.5715797,-0.10324813,3.0424814,0.0,
-1.5603333,-0.094739415,3.018809,0.0,
-1.4906058,-0.052892227,2.9903367,0.0,
-1.5034631,-0.06064251,2.9826622,0.0,
-1.4583198,-0.03591093,2.9694018,0.0,
-1.4600832,-0.034004457,3.001386,0.0,
-1.431113,-9.71507E-4,3.1163309,0.0,
1.1860985,-9.71507E-4,3.1163309,0.0,
1.1496315,-0.0038747203,3.1164043,0.0,
0.8862983,-0.0038747203,3.1164043,0.0,
0.93053854,-9.715528E-4,3.1182733,0.0,
0.9124426,-9.715528E-4,3.1182733,0.0,
0.86412144,-0.002920112,3.1153085,0.0,
0.9247701,-0.002920112,3.1153085,0.0,
0.95901746,-0.0029147158,3.1192446,0.0,
1.8231686,-0.0029147158,3.1192446,0.0,
1.8143476,-0.003886279,3.1192446,0.0,
1.2724329,-0.003886279,3.1192446,0.0,
1.2687465,-0.003889971,3.1182506,0.0,
1.322282,-0.003889971,3.1182506,0.0,
1.3338826,-0.0029174848,3.1182506,0.0,
1.2555424,-0.0029174848,3.1182506,0.0,
1.2555424,-0.0029174848,3.1182506,0.0,
0.98640853,-0.0029174848,3.1182506,0.0,
0.9682575,-0.0038898806,3.1172783,0.0,
1.0058216,-0.0038898806,3.1172783,0.0,
1.0200114,-0.0029174848,3.1182506,0.0,
0.9832038,-0.0029174848,3.1182506,0.0,
0.9884626,-0.002920389,3.1192012,0.0,
0.8499138,-0.002920389,3.1192012,0.0,
0.8426896,-0.0038825078,3.1192663,0.0,
1.4889947,-0.0038825078,3.1192663,0.0,
1.5008442,-0.002917417,3.1172783,0.0,
1.4000586,-0.002917417,3.1172783,0.0,
1.4115891,-0.0019449008,3.1163063,0.0,
1.4022102,-0.0019449008,3.1163063,0.0,
1.3952777,-0.0029175496,3.1192229,0.0,
1.0577499,-0.0029175496,3.1192229,0.0,
1.051942,-0.0029118229,3.118296,0.0,
1.051942,-0.0029118229,3.118296,0.0,
1.0515884,-0.0029174848,3.1182506,0.0,
0.80302966,-0.0029174848,3.1182506,0.0,
0.81257945,-0.00388259,3.1202366,0.0,
1.4227477,-0.00388259,3.1202366,0.0,
1.4137719,-0.004853121,3.1192663,0.0,
1.1406769,-0.004853121,3.1192663,0.0,
1.1544256,-0.0038863611,3.120216,0.0,
0.9284102,-0.0038863611,3.120216,0.0,
0.92296064,-0.0038825078,3.1192663,0.0,
0.87417084,-0.0038825078,3.1192663,0.0,
0.8725767,-0.0048579373,3.120216,0.0,
0.839912,-0.0048579373,3.120216,0.0,
0.8473603,-0.0038863611,3.120216,0.0,
0.8757675,-0.0038863611,3.120216,0.0,
0.8558392,-0.0038823322,3.1173255,0.0,
0.98944974,-0.0038823322,3.1173255,0.0,
0.98932445,-0.0038861027,3.117302,0.0,
1.0004994,-0.0038861027,3.117302,0.0,
0.99834466,-0.004857727,3.1182733,0.0,
1.1389056,-0.004857727,3.1182733,0.0,
1.1420419,-0.0048625576,3.1192229,0.0,
1.1040226,-0.0048625576,3.1192229,0.0,
1.1075009,-0.0038861926,3.1182733,0.0,
1.0622319,-0.0038861926,3.1182733,0.0,
1.0556171,-0.004857727,3.1182733,0.0,
1.1069033,-0.004857727,3.1182733,0.0,
1.1138573,-0.0038861926,3.1182733,0.0,
1.1420217,-0.0038861926,3.1182733,0.0,
1.1379882,-0.004853121,3.1192663,0.0,
1.0135186,-0.004853121,3.1192663,0.0,
1.0119048,-0.0038785692,3.1173491,0.0,
1.0945544,-0.0038785692,3.1173491,0.0,
1.1021068,-0.0038825078,3.1192663,0.0,
1.1827976,-0.0038825078,3.1192663,0.0,
1.1829932,-0.0038749876,3.1193094,0.0,
1.1554854,-0.0038749876,3.1193094,0.0,
1.1628491,-0.002906247,3.1193094,0.0,
1.1989367,-0.002906247,3.1193094,0.0,
1.1913068,-0.003871238,3.1193311,0.0,
1.2493613,-0.003871238,3.1193311,0.0,
1.235659,-0.0048435023,3.1173725,0.0,
1.2057763,-0.0048435023,3.1173725,0.0,
1.216641,-0.0038786582,3.1183186,0.0,
1.1809913,-0.0038786582,3.1183186,0.0,
1.1845015,-0.0038787439,3.119288,0.0,
1.1469636,-0.0038787439,3.119288,0.0,
1.1471974,-0.003871238,3.1193311,0.0,
1.1525838,-0.003871238,3.1193311,0.0,
1.1489023,-0.003874902,3.118341,0.0,
1.1497511,-0.003874902,3.118341,0.0,
1.1568699,-0.0038713198,3.1202986,0.0,
1.1221851,-0.0038713198,3.1202986,0.0,
1.1140342,-0.003871153,3.1183636,0.0,
1.0908725,-0.003871153,3.1183636,0.0,
1.0907389,-0.003874902,3.118341,0.0,
1.0214531,-0.003874902,3.118341,0.0,
1.0215956,-0.003871153,3.1183636,0.0,
0.9968169,-0.003871153,3.1183636,0.0,
0.98371017,-0.0048435023,3.1173725,0.0,
0.9028434,-0.0048435023,3.1173725,0.0,
0.91561776,-0.003874902,3.118341,0.0,
0.897268,-0.003874902,3.118341,0.0,
0.9017998,-0.004839136,3.1202986,0.0,
0.926992,-0.004839136,3.1202986,0.0,
0.9098956,-0.0048388164,3.117396,0.0,
1.0696625,-0.0048388164,3.117396,0.0,
1.0950828,-0.0038713976,3.1212664,0.0,
1.0971694,-0.0038713976,3.1212664,0.0,
1.0846064,-0.0038861926,3.1182733,0.0,
1.3237265,-0.0038861926,3.1182733,0.0,
1.3342175,-0.0029147158,3.1192446,0.0,
1.4387403,-0.0029147158,3.1192446,0.0,
1.4173193,-0.004876782,3.1191573,0.0,
1.3958232,-0.004876782,3.1191573,0.0,
1.4043834,-0.0039089727,3.1181366,0.0,
1.3254925,-0.0039089727,3.1181366,0.0,
1.3176899,-0.0048958785,3.1190696,0.0,
1.2981912,-0.0048958785,3.1190696,0.0,
1.2919769,-0.00587516,3.1200485,0.0,
1.2778331,-0.00587516,3.1200485,0.0,
1.2936468,-0.0039014372,3.1191573,0.0,
1.1891283,-0.0039014372,3.1191573,0.0,
1.1668211,-0.004890622,3.11518,0.0,
1.1485506,-0.004890622,3.11518,0.0,
1.1781156,-0.0029346691,3.1190915,0.0,
1.2305619,-0.0029346691,3.1190915,0.0,
1.2229311,-0.0039128833,3.1190915,0.0,
1.1871846,-0.0039128833,3.1190915,0.0,
1.1876155,-0.0038976364,3.1191792,0.0,
1.1962134,-0.0038976364,3.1191792,0.0,
1.1916305,-0.004867394,3.1201744,0.0,
1.2462655,-0.004867394,3.1201744,0.0,
1.2438476,-0.0048625576,3.1192229,0.0,
1.2091385,-0.0048625576,3.1192229,0.0,
1.2093207,-0.004853121,3.1192663,0.0,
1.2439162,-0.004853121,3.1192663,0.0,
1.2558848,-0.0029118229,3.118296,0.0,
1.2645307,-0.0029118229,3.118296,0.0,
1.2599785,-0.003871238,3.1193311,0.0,
1.1620531,-0.003871238,3.1193311,0.0,
1.1640326,-0.0019335743,3.1154864,0.0,
1.1313843,-0.0019335743,3.1154864,0.0,
1.1207491,-0.0038560496,3.1165257,0.0,
1.1151596,-0.0038560496,3.1165257,0.0,
1.1572229,-0.0028981962,3.1261349,0.0,
1.0342305,-0.0028981962,3.1261349,0.0,
1.0275525,-0.0038792419,3.126075,0.0,
1.0537261,-0.0038792419,3.126075,0.0,
1.018603,-0.005812567,3.1202781,0.0,
1.0824856,-0.005812567,3.1202781,0.0,
1.0985754,-0.0038826691,3.1212072,0.0,
1.1289377,-0.0038826691,3.1212072,0.0,
1.1101838,-0.0048481976,3.1173491,0.0,
1.0588785,-0.0048481976,3.1173491,0.0,
1.0614228,-0.0038897868,3.1163063,0.0,
1.0929307,-0.0038897868,3.1163063,0.0,
1.099791,-0.0038937565,3.118228,0.0,
1.1394833,-0.0038937565,3.118228,0.0,
1.1420759,-0.004872235,3.1211276,0.0,
1.1963738,-0.004872235,3.1211276,0.0,
1.1915401,-0.0058467765,3.122102,1.0,
1.2147381,-0.0058467765,3.122102,0.0,
1.2227287,-0.0038938432,3.1192012,0.0,
1.2664568,-0.0038938432,3.1192012,0.0,
1.2588612,-0.004857835,3.1192446,0.0,
1.2175303,-0.004857835,3.1192446,0.0,
1.2173966,-0.0048625576,3.1192229,0.0,
1.3845651,-0.0048625576,3.1192229,0.0,
1.4068997,-0.0029175496,3.1192229,0.0,
1.1512053,-0.0029175496,3.1192229,0.0,
1.1146101,-0.00861065,3.1224563,0.0,
1.1600411,-0.00861065,3.1224563,0.0,
1.1788615,-0.0039201756,3.1151283,0.0,
1.2300906,-0.0039201756,3.1151283,0.0,
1.2320893,-0.005852364,3.1211078,0.0,
1.1270643,-0.005852364,3.1211078,0.0,
1.1441104,-0.005858501,3.1249926,0.0,
1.1028081,-0.005858501,3.1249926,0.0,
1.0250622,-0.0048609576,3.1075592,0.0,
0.9839986,-0.0048609576,3.1075592,0.0,
1.09976,-0.0029175496,3.1192229,0.0,
1.1597297,-0.0029175496,3.1192229,0.0,
1.0705621,-0.0087601375,3.1153085,0.0,
1.0342886,-0.0087601375,3.1153085,0.0,
1.1319205,-9.706521E-4,3.1202366,0.0,
1.1507936,-9.706521E-4,3.1202366,0.0,
1.1259964,-0.0038864403,3.1211872,0.0,
1.0527787,-0.0038864403,3.1211872,0.0,
1.0377659,-0.0048579373,3.120216,0.0,
1.2185588,-0.0048579373,3.120216,0.0,
1.2141606,-0.00489109,3.1190915,0.0,
1.1434362,-0.00489109,3.1190915,0.0,
1.1639761,-0.0038902194,3.1211674,0.0,
1.0808516,-0.0038902194,3.1211674,0.0,
1.051012,-0.005818079,3.119288,0.0,
0.91106164,-0.005818079,3.119288,0.0,
0.9587802,-0.0029091258,3.1202574,0.0,
0.73501927,-0.0029091258,3.1202574,0.0,
0.7285375,-0.004853322,3.1212072,0.0,
0.89737487,-0.004853322,3.1212072,0.0,
0.89894474,-0.00388259,3.1202366,0.0,
0.9803498,-0.00388259,3.1202366,0.0,
0.9888841,-0.0029091258,3.1202574,0.0,
0.9276113,-0.0029091258,3.1202574,0.0,
0.89641273,-0.004848416,3.119288,0.0,
0.97584045,-0.004848416,3.119288,0.0,
0.97566426,-0.004853121,3.1192663,0.0,
0.90711164,-0.004853121,3.1192663,0.0,
0.9224038,-0.0038863611,3.120216,0.0,
1.0632539,-0.0038863611,3.120216,0.0,
1.0675137,-0.002906247,3.1193094,0.0,
0.985237,-0.002906247,3.1193094,0.0,
0.98267466,-0.00388259,3.1202366,0.0,
0.95681405,-0.00388259,3.1202366,0.0,
0.95697695,-0.003878826,3.1202574,0.0,
0.8870098,-0.003878826,3.1202574,0.0,
0.88684267,-0.00388259,3.1202366,0.0,
0.83802915,-0.00388259,3.1202366,0.0,
0.8157962,-0.0048483093,3.1183186,0.0,
1.6054628,-0.0048483093,3.1183186,0.0,
1.6049303,-0.004853121,3.1192663,0.0,
1.3879976,-0.004853121,3.1192663,0.0,
1.4129786,-0.0029175496,3.1192229,0.0,
1.2988005,-0.0029175496,3.1192229,0.0,
1.29891,-0.0029147158,3.1192446,0.0,
1.280234,-0.0029147158,3.1192446,0.0,
1.2550557,-0.004857727,3.1182733,0.0,
0.63382435,-0.004857727,3.1182733,0.0,
0.6537039,-0.0029118874,3.1192663,0.0,
0.8772621,-0.0029118874,3.1192663,0.0,
0.85442287,-0.0048624496,3.1182506,0.0,
0.9225942,-0.0048624496,3.1182506,0.0,
0.98909485,0.0038861027,3.117302,0.0,
1.1692619,0.0038861027,3.117302,0.0,
1.0979228,-0.0048769866,3.1211078,0.0,
1.1242557,-0.0048769866,3.1211078,0.0,
1.1057668,-0.005846418,3.1191792,0.0,
1.1452272,-0.005846418,3.1191792,0.0,
1.1671736,-0.00389014,3.1201952,0.0,
1.1264728,-0.00389014,3.1201952,0.0,
1.1225544,-0.002917417,3.1172783,0.0,
1.0810504,-0.002917417,3.1172783,0.0,
1.0770828,-0.0038824219,3.118296,0.0,
0.9386965,-0.0038824219,3.118296,0.0,
0.95233506,-0.0029175496,3.1192229,0.0,
0.94516677,-0.0029175496,3.1192229,0.0,
0.93489397,-0.004853224,3.1202366,0.0,
0.9438719,-0.004853224,3.1202366,0.0,
0.952292,-0.00389014,3.1201952,0.0,
1.097682,-0.00389014,3.1201952,0.0,
1.0943105,-0.003886279,3.1192446,0.0,
0.9432268,-0.003886279,3.1192446,0.0,
0.9503376,-0.002920389,3.1192012,0.0,
0.9669221,-0.002920389,3.1192012,0.0,
0.9669221,-0.002920389,3.1192012,0.0,
0.89323276,-0.002920389,3.1192012,0.0,
0.8863781,-0.0038787439,3.119288,0.0,
1.2279929,-0.0038787439,3.119288,0.0,
1.2351552,-0.0038789045,3.1212268,0.0,
1.0323905,-0.0038789045,3.1212268,0.0,
1.0212626,-0.0038825078,3.1192663,0.0,
0.9843105,-0.0038825078,3.1192663,0.0,
0.99879766,-0.0019412183,3.118296,0.0,
0.9116173,-0.0019412183,3.118296,0.0,
0.8959397,-0.0019373674,3.1164043,0.0,
1.3667318,-0.0019373674,3.1164043,0.0,
1.3596895,-0.002914651,3.1182733,0.0,
0.99326146,-0.002914651,3.1182733,0.0,
0.9486448,-0.0048526637,3.115385,0.0,
0.87526006,-0.0048526637,3.115385,0.0,
0.89932626,-0.0048436136,3.118341,0.0,
1.0821196,-0.0048436136,3.118341,0.0,
1.1160893,-0.002909185,3.1212268,0.0,
1.0710346,-0.002909185,3.1212268,0.0,
1.0189008,-0.0058237254,3.1192663,0.0,
0.86787933,-0.0058237254,3.1192663,0.0,
0.88263524,-0.0058239666,3.1212072,0.0,
0.9005878,-0.0058239666,3.1212072,0.0,
0.9139507,-0.0029090645,3.119288,0.0,
1.1012952,-0.0029090645,3.119288,0.0,
1.0941907,-0.0029117558,3.1173255,1.0,
1.02192,-0.0029117558,3.1173255,0.0,
1.031132,-0.002906247,3.1193094,0.0,
1.034744,-0.002906247,3.1193094,0.0,
1.0315042,-0.003878826,3.1202574,0.0,
1.0156212,-0.003878826,3.1202574,0.0,
0.9992506,-0.005812567,3.1202781,0.0,
1.2497262,-0.005812567,3.1202781,0.0,
1.2829897,-0.0029148366,3.1211872,0.0,
1.0761385,-0.0029148366,3.1211872,0.0,
1.0030066,-0.006814003,3.118228,0.0,
1.001512,-0.006814003,3.118228,0.0,
1.0529815,-0.002920324,3.118228,0.0,
1.0320584,-0.002920324,3.118228,0.0,
1.0243309,-0.004853224,3.1202366,0.0,
0.9648321,-0.004853224,3.1202366,0.0,
0.9761691,-0.0038789045,3.1212268,0.0,
0.898344,-0.0038789045,3.1212268,0.0,
0.89224887,-0.00388259,3.1202366,0.0,
1.0265193,-0.00388259,3.1202366,0.0,
1.0266876,-0.003878826,3.1202574,0.0,
1.0646883,-0.003878826,3.1202574,0.0,
1.0646883,-0.003878826,3.1202574,0.0,
1.0032626,-0.003878826,3.1202574,0.0,
0.98780835,-0.004853121,3.1192663,0.0,
1.1484449,-0.004853121,3.1192663,0.0,
1.1635913,-0.0038863611,3.120216,0.0,
1.1942997,-0.0038863611,3.120216,0.0,
1.2011467,-0.0029147158,3.1192446,0.0,
1.1224912,-0.0029147158,3.1192446,0.0,
1.1068012,-0.004853224,3.1202366,0.0,
1.1465508,-0.004853224,3.1202366,0.0,
1.1642789,-0.0029118874,3.1192663,0.0,
1.3056145,-0.0029118874,3.1192663,0.0,
1.3021196,-0.0029090003,3.1183186,0.0,
1.1682619,-0.0029090003,3.1183186,0.0,
1.1786653,-0.002911949,3.1202366,0.0,
1.2137758,-0.002911949,3.1202366,0.0,
1.1819704,-0.0048483093,3.1183186,0.0,
1.4128286,-0.0048483093,3.1183186,0.0,
1.4269032,-0.0038787439,3.119288,0.0,
1.175502,-0.0038787439,3.119288,0.0,
1.1678834,-0.0048485184,3.1202574,0.0,
1.0454155,-0.0048485184,3.1202574,0.0,
1.0391902,-0.004853121,3.1192663,0.0,
1.097899,-0.004853121,3.1192663,0.0,
1.1201063,-0.0038826691,3.1212072,0.0,
1.4601922,-0.0038826691,3.1212072,0.0,
1.4471647,-0.0048579373,3.120216,0.0,
1.3083441,-0.0048579373,3.120216,0.0,
1.315258,-0.003886279,3.1192446,0.0,
1.2600142,-0.003886279,3.1192446,0.0,
1.2600142,-0.003886279,3.1192446,0.0,
1.2333914,-0.003886279,3.1192446,0.0,
1.1931969,-0.0058344975,3.115334,0.0,
0.48286465,-0.0058344975,3.115334,0.0,
0.5224971,-0.0029116857,3.1163552,0.0,
1.2245136,-0.0029116857,3.1163552,0.0,
1.201647,-0.0038895884,3.114362,0.0,
0.99682397,-0.0038895884,3.114362,0.0,
1.1484445,0.0029067013,3.1280277,0.0,
1.104074,0.0029067013,3.1280277,0.0,
0.9933333,-0.0048439205,3.1212466,0.0,
1.1570525,-0.0048439205,3.1212466,0.0,
1.1462735,-0.00581832,3.1212268,0.0,
0.81145537,-0.00581832,3.1212268,0.0,
0.8231212,-0.0029118874,3.1192663,0.0,
0.67919827,-0.0029118874,3.1192663,0.0,
0.6811614,-0.00388259,3.1202366,3.0,
0.79895186,-0.00388259,3.1202366,0.0,
0.79895186,-0.00388259,3.1202366,0.0,
1.3244537,-0.00388259,3.1202366,0.0,
1.3211614,-0.0038825078,3.1192663,0.0,
1.125393,-0.0038825078,3.1192663,0.0,
1.1348127,-0.0038826691,3.1212072,0.0,
1.1348127,-0.0038826691,3.1212072,0.0,
1.1152232,-0.004857835,3.1192446,0.0,
1.0992479,-0.004857835,3.1192446,0.0,
1.1044286,-0.0048485184,3.1202574,0.0,
0.87521476,-0.0048485184,3.1202574,0.0,
0.8688641,-0.0048437202,3.1193094,0.0,
0.7713807,-0.0048437202,3.1193094,0.0,
0.7840771,-0.0029090645,3.119288,0.0,
0.7570083,-0.0029090645,3.119288,0.0,
0.75741434,-0.003878826,3.1202574,0.0,
0.7573568,-0.003878826,3.1202574,0.0,
0.7497402,-0.004862661,3.1201952,0.0,
0.9666256,-0.004862661,3.1201952,0.0,
0.9664756,-0.004867394,3.1201744,0.0,
0.91546494,-0.004867394,3.1201744,0.0,
0.90953887,-0.0048625576,3.1192229,0.0,
0.91491234,-0.0048625576,3.1192229,0.0,
0.922115,-0.0038900573,3.1192229,0.0,
0.95539486,-0.0038900573,3.1192229,0.0,
0.9486514,-0.004848416,3.119288,0.0,
0.46158794,-0.004848416,3.119288,0.0,
0.473142,-0.004853224,3.1202366,0.0,
0.6452015,-0.004853224,3.1202366,0.0,
0.65275604,-0.00388259,3.1202366,0.0,
0.8140059,-0.00388259,3.1202366,0.0,
0.8053831,-0.0038825078,3.1192663,0.0,
0.87333924,-0.0038825078,3.1192663,0.0,
0.8731154,-0.003886279,3.1192446,0.0,
1.1765603,-0.003886279,3.1192446,0.0,
1.1797235,-0.0038863611,3.120216,0.0,
1.1786551,-0.0038863611,3.120216,0.0,
1.1708751,-0.004862661,3.1201952,0.0,
1.1695914,-0.004862661,3.1201952,0.0,
1.1651136,-0.0058239666,3.1212072,0.0,
1.1147792,-0.0058239666,3.1212072,0.0,
1.1238623,-0.004848617,3.1212268,0.0,
0.8060977,-0.004848617,3.1212268,0.0,
0.7994094,-0.0038787439,3.119288,0.0,
0.9603397,-0.0038787439,3.119288,0.0,
0.9695858,-0.0029090645,3.119288,0.0,
0.9755781,-0.0029090645,3.119288,0.0,
0.9579162,-0.004848416,3.119288,0.0,
0.9626417,-0.004848416,3.119288,0.0,
0.9886343,-0.0029091258,3.1202574,0.0,
1.5574785,-0.0029091258,3.1202574,0.0,
1.5337404,-0.004848416,3.119288,0.0,
1.3290061,-0.004848416,3.119288,0.0,
1.3449949,-0.00388259,3.1202366,0.0,
1.3686593,-0.00388259,3.1202366,0.0,
1.3687563,-0.003878826,3.1202574,0.0,
1.2299169,-0.003878826,3.1202574,0.0,
1.2256753,-0.0038825078,3.1192663,0.0,
1.0887711,-0.0038825078,3.1192663,0.0,
1.0754061,-0.004853121,3.1192663,0.0,
1.0967505,-0.004853121,3.1192663,0.0,
1.1020553,-0.0038824219,3.118296,0.0,
0.944846,-0.0038824219,3.118296,0.0,
0.9420347,-0.004853121,3.1192663,0.0,
1.206835,-0.004853121,3.1192663,0.0,
1.2066796,-0.004857835,3.1192446,0.0,
1.1886681,-0.004857835,3.1192446,0.0,
1.2056028,-0.0038863611,3.120216,0.0,
1.332518,-0.0038863611,3.120216,0.0,
1.3256577,-0.0038861926,3.1182733,0.0,
1.2740897,-0.0038861926,3.1182733,0.0,
1.2646643,-0.004857835,3.1192446,0.0,
1.2619617,-0.004857835,3.1192446,0.0,
1.2539741,-0.005835173,3.1201952,0.0,
1.008233,-0.005835173,3.1201952,0.0,
1.0156761,-0.0038861926,3.1182733,0.0,
1.0047836,-0.0038861926,3.1182733,0.0,
0.98650354,-0.0058349194,3.1182506,0.0,
0.86220646,-0.0058349194,3.1182506,0.0,
0.8809405,-0.0048579373,3.120216,0.0,
1.303855,-0.0048579373,3.120216,0.0,
1.2950292,-0.004853014,3.118296,0.0,
1.305455,-0.004853014,3.118296,0.0,
1.3232485,-0.003886279,3.1192446,0.0,
1.2572045,-0.003886279,3.1192446,0.0,
1.2478904,-0.004853224,3.1202366,0.0,
1.1234347,-0.004853224,3.1202366,0.0,
1.1298069,-0.0038825078,3.1192663,0.0,
1.604048,-0.0038825078,3.1192663,0.0,
1.5941839,-0.004853224,3.1202366,0.0,
1.4346102,-0.004853224,3.1202366,0.0,
1.4345368,-0.0048579373,3.120216,0.0,
1.4833887,-0.0048579373,3.120216,0.0,
1.4834563,-0.004853224,3.1202366,0.0,
1.3556511,-0.004853224,3.1202366,1.0,
1.3529962,-0.00486729,3.1192012,0.0,
1.6525207,-0.00486729,3.1192012,0.0,
1.6155508,-0.0058408524,3.1201744,0.0,
1.1683838,-0.0058408524,3.1201744,0.0,
1.1713518,-0.0048671816,3.118228,0.0,
1.0210992,-0.0048671816,3.118228,0.0,
1.0740728,-0.0039015207,3.1201324,0.0,
0.8546454,-0.0039015207,3.1201324,0.0,
0.81297773,-0.004876673,3.1181822,0.0,
0.7138693,-0.004876673,3.1181822,0.0,
0.72847044,-0.0038824219,3.118296,0.0,
1.3282641,-0.0038824219,3.118296,0.0,
1.331956,-0.0038863611,3.120216,0.0,
1.195459,-0.0038863611,3.120216,0.0,
1.1986904,-0.0038864403,3.1211872,0.0,
1.2655529,-0.0038864403,3.1211872,0.0,
1.2597,-0.003886279,3.1192446,0.0,
1.0713882,-0.003886279,3.1192446,0.0,
1.0615559,-0.00486729,3.1192012,0.0,
1.5906539,-0.00486729,3.1192012,0.0,
1.5821797,-0.005846418,3.1191792,0.0,
1.2320224,-0.005846418,3.1191792,0.0,
1.2556161,-0.0038977198,3.1201534,0.0,
1.1476557,-0.0038977198,3.1201534,0.0,
1.1476557,-0.0038977198,3.1201534,0.0,
1.0732138,-0.0038977198,3.1201534,0.0,
1.0563902,-0.004857727,3.1182733,0.0,
1.5519626,-0.004857727,3.1182733,0.0,
1.5525821,-0.004867493,3.1211476,0.0,
1.4896845,-0.004867493,3.1211476,0.0,
1.4906411,-0.0048675872,3.1221209,0.0,
1.2245073,-0.0048675872,3.1221209,0.0,
1.2530429,-0.0019431881,3.120216,0.0,
1.2241712,-0.0019431881,3.120216,0.0,
1.2034621,-0.0029174848,3.1182506,0.0,
1.3242962,-0.0029174848,3.1182506,0.0,
1.3087676,-0.004853121,3.1192663,0.0,
1.3920604,-0.004853121,3.1192663,0.0,
1.3941193,-0.0048485184,3.1202574,0.0,
1.212704,-0.0048485184,3.1202574,0.0,
1.2125577,-0.004853224,3.1202366,0.0,
1.239603,-0.004853224,3.1202366,0.0,
1.2431408,-0.0038861926,3.1182733,0.0,
1.3053976,-0.0038861926,3.1182733,0.0,
1.3114492,-0.0038863611,3.120216,0.0,
0.7726814,-0.0038863611,3.120216,0.0,
0.76553446,-0.004853224,3.1202366,0.0,
0.99998325,-0.004853224,3.1202366,0.0,
1.0036517,-0.0038787439,3.119288,0.0,
0.9805701,-0.0038787439,3.119288,0.0,
0.97069615,-0.004848416,3.119288,0.0,
1.0461332,-0.004848416,3.119288,0.0,
1.0703552,-0.002911949,3.1202366,0.0,
1.1737863,-0.002911949,3.1202366,0.0,
1.1628441,-0.00388259,3.1202366,0.0,
1.1270716,-0.00388259,3.1202366,0.0,
1.0900848,-0.005818079,3.119288,0.0,
0.9601979,-0.005818079,3.119288,0.0,
0.98328054,-0.004881747,3.1210878,0.0,
0.94692117,-0.004881747,3.1210878,0.0,
0.92672116,-0.0058124447,3.1193094,0.0,
0.91864026,-0.0058124447,3.1193094,0.0,
0.9427818,-0.0048487103,3.1221964,0.0,
1.0351444,-0.0048487103,3.1221964,0.0,
1.03885,-0.0038789045,3.1212268,0.0,
0.9481165,-0.0038789045,3.1212268,0.0,
0.95171297,-0.004853505,3.1231482,0.0,
0.9797245,-0.004853505,3.1231482,0.0,
0.9601964,-0.0048579373,3.120216,0.0,
1.2056464,-0.0048579373,3.120216,0.0,
1.2107767,-0.0038825078,3.1192663,0.0,
1.0382581,-0.0038825078,3.1192663,0.0,
1.026815,-0.0058295056,3.120216,0.0,
1.0721463,-0.0058295056,3.120216,0.0,
1.0713781,-0.004857727,3.1182733,0.0,
1.0822158,-0.004857727,3.1182733,0.0,
1.0939387,-0.0038825078,3.1192663,0.0,
0.6275099,-0.0038825078,3.1192663,0.0,
0.5992396,-0.004862337,3.1172783,0.0,
0.7374887,-0.004862337,3.1172783,0.0,
0.7536026,-0.0038861926,3.1182733,0.0,
0.83663595,-0.0038861926,3.1182733,0.0,
0.8438778,-0.0038787439,3.119288,0.0,
0.8442126,-0.0038787439,3.119288,0.0,
0.86428064,-0.0038752218,3.1222153,0.0,
1.2110207,-0.0038752218,3.1222153,0.0,
1.2659777,-9.679886E-4,3.1299765,0.0,
1.247953,-9.679886E-4,3.1299765,0.0,
1.1457225,-0.0077804723,3.12214,0.0,
1.1004162,-0.0077804723,3.12214,0.0,
1.1186233,-0.004853224,3.1202366,0.0,
1.0328889,-0.004853224,3.1202366,0.0,
1.0565045,-0.0029120082,3.1212072,0.0,
1.0828931,-0.0029120082,3.1212072,0.0,
1.0543476,-0.004853121,3.1192663,0.0,
1.0581063,-0.004853121,3.1192663,0.0,
1.0524292,-0.004853014,3.118296,0.0,
1.0900182,-0.004853014,3.118296,0.0,
1.1055294,-0.00486276,3.1211674,0.0,
0.6385585,-0.00486276,3.1211674,0.0,
0.622991,-0.005835173,3.1201952,0.0,
0.98924047,-0.005835173,3.1201952,0.0,
0.99333143,-0.004853121,3.1192663,0.0,
0.8598939,-0.004853121,3.1192663,0.0,
0.860587,-0.003889971,3.1182506,0.0,
1.077283,-0.003889971,3.1182506,0.0,
1.067097,-0.004876673,3.1181822,0.0,
1.1031001,-0.004876673,3.1181822,0.0,
1.1194816,-0.0039052453,3.1191354,0.0,
1.1550796,-0.0039052453,3.1191354,0.0,
1.1455966,-0.0039050663,3.1171834,0.0,
1.1773614,-0.0039050663,3.1171834,0.0,
1.1656705,-0.0048956526,3.1171117,0.0,
1.3228499,-0.0048956526,3.1171117,0.0,
1.3366259,-0.003916626,3.1180906,0.0,
1.3947918,-0.003916626,3.1180906,0.0,
1.3808243,-0.0049100714,3.1170397,0.0,
1.4370946,-0.0049100714,3.1170397,0.0,
1.4493582,-0.0039204634,3.1180675,0.0,
1.4478918,-0.0039204634,3.1180675,0.0,
1.435745,-0.0049004494,3.1170878,0.0,
1.4965658,-0.0049004494,3.1170878,0.0,
1.4973664,-0.004900565,3.1180675,0.0,
1.4413726,-0.004900565,3.1180675,0.0,
1.453044,-0.003920552,3.1190474,0.0,
1.3478884,-0.003920552,3.1190474,0.0,
1.3479698,-0.0039167143,3.1190696,0.0,
1.298915,-0.0039167143,3.1190696,0.0,
1.3014854,-0.0039167986,3.1200485,0.0,
1.3268818,-0.0039167986,3.1200485,0.0,
1.3049284,-0.005875034,3.1190696,0.0,
1.2198986,-0.005875034,3.1190696,0.0,
1.2292335,-0.0048863115,3.1191134,0.0,
1.1929919,-0.0048863115,3.1191134,0.0,
1.2022853,-0.0039128833,3.1190915,0.0,
1.128962,-0.0039128833,3.1190915,0.0,
1.1292624,-0.0039052453,3.1191354,0.0,
1.1179143,-0.0039052453,3.1191354,0.0,
1.1180443,-0.0039014372,3.1191573,0.0,
1.1085024,-0.0039014372,3.1191573,0.0,
1.0997143,-0.0048720315,3.1191792,0.0,
1.0818678,-0.0048720315,3.1191792,0.0,
1.0953518,-0.0029174848,3.1182506,0.0,
1.0255212,-0.0029174848,3.1182506,0.0,
1.0094548,-0.004857727,3.1182733,0.0,
0.9259,-0.004857727,3.1182733,0.0,
0.9395455,-0.003886279,3.1192446,0.0,
0.8720661,-0.003886279,3.1192446,0.0,
0.8723971,-0.0038787439,3.119288,0.0,
0.809786,-0.0038787439,3.119288,0.0,
0.81011343,-0.003871238,3.1193311,0.0,
0.8112984,-0.003871238,3.1193311,0.0,
0.8179657,-0.0029006284,3.1193526,0.0,
0.7412786,-0.0029006284,3.1193526,0.0,
0.74822277,-0.0019356263,3.1193311,0.0,
0.88398373,-0.0019356263,3.1193311,0.0,
0.8691433,-0.0029033711,3.1183636,0.0,
0.8019737,-0.0029033711,3.1183636,0.0,
0.7863761,-0.0038710642,3.117396,0.0,
0.77202964,-0.0038710642,3.117396,0.0,
0.8046162,-0.0028978877,3.1203399,0.0,
0.7422187,-0.0028978877,3.1203399,0.0,
0.71440303,-0.0038786582,3.1183186,0.0,
1.1229495,-0.0038786582,3.1183186,0.0,
1.1267505,-0.0038787439,3.119288,0.0,
1.1969899,-0.0038787439,3.119288,0.0,
1.2084825,-0.0029118874,3.1192663,0.0,
1.1460274,-0.0029118874,3.1192663,0.0,
1.139869,-0.0038863611,3.120216,0.0,
1.1495535,-0.0038863611,3.120216,0.0,
1.1388848,-0.0048579373,3.120216,0.0,
1.4565997,-0.0048579373,3.120216,0.0,
1.465745,-0.00388259,3.1202366,0.0,
1.2454536,-0.00388259,3.1202366,0.0,
1.2343445,-0.004862661,3.1201952,0.0,
1.1857349,-0.004862661,3.1201952,0.0,
1.1858866,-0.0048579373,3.120216,0.0,
1.094192,-0.0048579373,3.120216,0.0,
1.0940055,-0.0038824219,3.118296,0.0,
1.023451,-0.0038824219,3.118296,0.0,
1.0200437,-0.004857835,3.1192446,0.0,
0.98652667,-0.004857835,3.1192446,0.0,
0.97669154,-0.0048435023,3.1173725,0.0,
1.3443133,-0.0048435023,3.1173725,0.0,
1.3635625,-0.0038749876,3.1193094,0.0,
1.1092666,-0.0038749876,3.1193094,0.0,
1.126826,-0.0029091258,3.1202574,0.0,
0.94054335,-0.0029091258,3.1202574,0.0,
0.9256638,-0.0038825078,3.1192663,0.0,
0.9632026,-0.0038825078,3.1192663,0.0,
0.96661025,-0.004848617,3.1212268,0.0,
0.4183035,-0.004848617,3.1212268,0.0,
0.4089688,-0.0029118874,3.1192663,0.0,
0.6358026,-0.0029118874,3.1192663,0.0,
0.62914485,-0.0038825078,3.1192663,0.0,
0.803811,-0.0038825078,3.1192663,0.0,
0.7961107,-0.004848416,3.119288,0.0,
0.7952537,-0.004848416,3.119288,0.0,
0.80233794,-0.0038825078,3.1192663,0.0,
0.8285499,-0.0038825078,3.1192663,0.0,
0.83637905,-0.0029118874,3.1192663,0.0,
0.9760009,-0.0029118874,3.1192663,0.0,
0.9610118,-0.0038824219,3.118296,0.0,
1.219369,-0.0038824219,3.118296,0.0,
1.2168877,-0.004862661,3.1201952,0.0,
1.2744007,-0.004862661,3.1201952,0.0,
1.2817307,-0.003886279,3.1192446,0.0,
1.032887,-0.003886279,3.1192446,0.0,
1.0228797,-0.0048625576,3.1192229,0.0,
1.0254711,-0.0048625576,3.1192229,0.0,
1.0324202,-0.0048485184,3.1202574,0.0,
1.2034236,-0.0048485184,3.1202574,0.0,
1.2232534,-0.002906183,3.118341,0.0,
0.9837484,-0.002906183,3.118341,0.0,
0.9800364,-0.0038825078,3.1192663,0.0,
0.992943,-0.0038825078,3.1192663,0.0,
0.999855,-0.00388259,3.1202366,0.0,
0.9674131,-0.00388259,3.1202366,0.0,
0.957004,-0.004853224,3.1202366,0.0,
0.9968907,-0.004853224,3.1202366,0.0,
1.0007958,-0.0038825078,3.1192663,0.0,
0.94506437,-0.0038825078,3.1192663,0.0,
0.94549197,-0.0038749876,3.1193094,0.0,
1.0162265,-0.0038749876,3.1193094,0.0,
1.0162265,-0.0038749876,3.1193094,0.0,
0.9356284,-0.0038749876,3.1193094,0.0,
0.9328665,-0.0048485184,3.1202574,0.0,
1.0640937,-0.0048485184,3.1202574,0.0,
1.058159,-0.004848416,3.119288,0.0,
0.9388657,-0.004848416,3.119288,0.0,
0.9382471,-0.0048625576,3.1192229,0.0,
0.911779,-0.0048625576,3.1192229,0.0,
0.91328365,-0.003889971,3.1182506,0.0,
1.0198324,-0.003889971,3.1182506,0.0,
1.0305972,-0.0038863611,3.120216,0.0,
0.95523465,-0.0038863611,3.120216,0.0,
0.94626653,-0.004867394,3.1201744,0.0,
0.9093037,-0.004867394,3.1201744,0.0,
0.9202993,-0.002920389,3.1192012,0.0,
1.0042012,-0.002920389,3.1192012,0.0,
0.97965807,-0.0038861027,3.117302,0.0,
0.9935782,-0.0038861027,3.117302,0.0,
0.9828019,-0.004862337,3.1172783,0.0,
0.87795746,-0.004862337,3.1172783,0.0,
0.88484645,-0.005818079,3.119288,0.0,
1.088414,-0.005818079,3.119288,0.0,
1.1072235,-0.0038861926,3.1182733,0.0,
1.2859633,-0.0038861926,3.1182733,0.0,
1.2897264,-0.003886279,3.1192446,0.0,
1.2206787,-0.003886279,3.1192446,0.0,
1.209212,-0.004857835,3.1192446,0.0,
1.2108034,-0.004857835,3.1192446,0.0,
1.1962131,-0.0058179507,3.1183186,0.0,
1.1982358,-0.0058179507,3.1183186,0.0,
1.2192683,-0.0038825078,3.1192663,0.0,
1.3886324,-0.0038825078,3.1192663,0.0,
1.386334,-0.0038975494,3.118205,0.0,
1.3220767,-0.0038975494,3.118205,0.0,
1.3245636,-0.0038976364,3.1191792,0.0,
1.3329359,-0.0038976364,3.1191792,0.0,
1.3208231,-0.0048814327,3.1181595,0.0,
1.2460308,-0.0048814327,3.1181595,0.0,
1.2490354,-0.0049006753,3.1190474,0.0,
1.2695612,-0.0049006753,3.1190474,0.0,
1.2590771,-0.0058807903,3.1190474,0.0,
1.2441916,-0.0058807903,3.1190474,0.0,
1.2511221,-0.004900565,3.1180675,0.0,
1.2728238,-0.004900565,3.1180675,0.0,
1.2872874,-0.0039243973,3.1190252,0.0,
1.2321113,-0.0039243973,3.1190252,0.0,
1.2156985,-0.004900565,3.1180675,0.0,
1.2918745,-0.004900565,3.1180675,0.0,
1.3083194,-0.0039129676,3.1200695,0.0,
1.2714877,-0.0039129676,3.1200695,0.0,
1.2683369,-0.0039052453,3.1191354,0.0,
1.1709435,-0.0039052453,3.1191354,0.0,
1.1668584,-0.0038975494,3.118205,0.0,
1.1125106,-0.0038975494,3.118205,0.0,
1.1020178,-0.0048671816,3.118228,0.0,
1.0613843,-0.0048671816,3.118228,0.0,
1.0728632,-0.0038786582,3.1183186,0.0,
0.91535395,-0.0038786582,3.1183186,0.0,
0.91330165,-0.004857835,3.1192446,0.0,
0.9289569,-0.004857835,3.1192446,0.0,
0.9358294,-0.0038825078,3.1192663,0.0,
1.0678158,-0.0038825078,3.1192663,0.0,
1.0595694,-0.004853121,3.1192663,0.0,
1.0442573,-0.004853121,3.1192663,0.0,
1.0517145,-0.0038787439,3.119288,0.0,
1.1772192,-0.0038787439,3.119288,0.0,
1.1635476,-0.004853014,3.118296,0.0,
1.1631265,-0.004853014,3.118296,0.0,
1.133013,-0.0067938482,3.1163552,0.0,
1.0368158,-0.0067938482,3.1163552,0.0,
1.0937917,-0.0038863611,3.120216,0.0,
1.0934896,-0.0038863611,3.120216,0.0,
1.0984999,-0.0039016004,3.1211078,0.0,
1.0021218,-0.0039016004,3.1211078,0.0,
0.97332007,-0.004857727,3.1182733,0.0,
0.78279084,-0.004857727,3.1182733,0.0,
0.81069356,-0.0029090645,3.119288,0.0,
0.76455504,-0.0029090645,3.119288,0.0,
0.7644745,-0.0038863611,3.120216,0.0,
0.9374741,-0.0038863611,3.120216,0.0,
0.9212593,-0.004848416,3.119288,0.0,
1.0756925,-0.004848416,3.119288,0.0,
1.0984516,-0.0038751476,3.1212466,0.0,
0.9978858,-0.0038751476,3.1212466,0.0,
0.89963126,-0.0077708554,3.1114755,0.0,
0.7037884,-0.0077708554,3.1114755,0.0,
0.81746346,-0.0038823322,3.1173255,0.0,
1.0431367,-0.0038823322,3.1173255,0.0,
1.1040078,-0.0,3.1212466,0.0,
1.1037177,-0.0,3.1212466,0.0,
1.0596073,-0.0038825078,3.1192663,0.0,
1.0380298,-0.0038825078,3.1192663,0.0,
1.0470787,-0.0029147158,3.1192446,0.0,
1.0360968,-0.0029147158,3.1192446,0.0,
1.001707,-0.004857727,3.1182733,0.0,
0.91787595,-0.004857727,3.1182733,0.0,
0.9370613,-0.0038900573,3.1192229,0.0,
1.0438176,-0.0038900573,3.1192229,0.0,
1.0502802,-0.00389014,3.1201952,0.0,
0.96790856,-0.00389014,3.1201952,0.0,
0.9546674,-0.0038824219,3.118296,0.0,
1.360194,-0.0038824219,3.118296,0.0,
1.358682,-0.0038785692,3.1173491,0.0,
1.2371695,-0.0038785692,3.1173491,0.0,
1.2403023,-0.003874902,3.118341,0.0,
1.1416781,-0.003874902,3.118341,0.0,
1.1287148,-0.0048576146,3.117302,0.0,
1.0410423,-0.0048576146,3.117302,0.0,
1.0361384,-0.004852785,3.1163552,0.0,
1.0534114,-0.004852785,3.1163552,0.0,
1.0774554,-0.0038861926,3.1182733,0.0,
0.974662,-0.0038861926,3.1182733,0.0,
0.9855775,-0.0029118229,3.118296,0.0,
0.9257222,-0.0029118229,3.118296,0.0,
0.9255259,-0.002914651,3.1182733,0.0,
0.9809017,-0.002914651,3.1182733,0.0,
0.974826,-0.0029089332,3.1173491,0.0,
1.0121732,-0.0029089332,3.1173491,0.0,
1.0086918,-0.003874902,3.118341,0.0,
1.0210571,-0.003874902,3.118341,0.0,
1.0208838,-0.0038786582,3.1183186,0.0,
1.0072924,-0.0038786582,3.1183186,0.0,
1.0163538,-0.0029090003,3.1183186,0.0,
1.1431198,-0.0029090003,3.1183186,0.0,
1.1535597,-0.0019393364,3.1183186,0.0,
1.1247357,-0.0019393364,3.1183186,0.0,
1.1092782,-0.0029061162,3.1173725,0.0,
1.1647049,-0.0029061162,3.1173725,0.0,
1.1692326,-0.002906183,3.118341,0.0,
1.11278,-0.002906183,3.118341,0.0,
1.1019914,-0.0038824219,3.118296,0.0,
1.0583451,-0.0038824219,3.118296,0.0,
1.0582057,-0.0038861926,3.1182733,0.0,
1.0846399,-0.0038861926,3.1182733,0.0,
1.1029644,-0.0019431037,3.1182733,0.0,
1.0161086,-0.0019431037,3.1182733,0.0,
1.0018262,-0.0048579373,3.120216,0.0,
0.96867275,-0.0048579373,3.120216,0.0,
0.97334975,-0.0029174848,3.1182506,0.0,
0.96406525,-0.0029174848,3.1182506,0.0,
0.95069057,-0.003893666,3.1172547,0.0,
1.0056261,-0.003893666,3.1172547,0.0,
1.0154248,-0.0039014372,3.1191573,0.0,
0.9815276,-0.0039014372,3.1191573,0.0,
0.96377933,-0.0048765596,3.1172073,0.0,
1.0111786,-0.0048765596,3.1172073,0.0,
1.018906,-0.003897459,3.117231,0.0,
1.0178566,-0.003897459,3.117231,0.0,
1.0271832,-0.0038976364,3.1191792,0.0,
1.0446057,-0.0038976364,3.1191792,0.0,
1.0373604,-0.0048720315,3.1191792,0.0,
0.9853261,-0.0048720315,3.1191792,0.0,
1.0007423,-0.002906247,3.1193094,0.0,
1.5777719,-0.002906247,3.1193094,0.0,
1.5553237,-0.004852785,3.1163552,0.0,
1.3891622,-0.004852785,3.1163552,0.0,
1.3808444,-0.005840462,3.1172547,0.0,
1.3469588,-0.005840462,3.1172547,0.0,
1.3708102,-0.0048579373,3.120216,0.0,
1.1320186,-0.0048579373,3.120216,0.0,
1.1435229,-0.0048628543,3.12214,0.0,
0.87878174,-0.0048628543,3.12214,0.0,
0.85730976,-0.0038786582,3.1183186,0.0,
0.7938361,-0.0038786582,3.1183186,0.0,
0.79354066,-0.0038824219,3.118296,0.0,
1.0702586,-0.0038824219,3.118296,0.0,
1.0706089,-0.003874902,3.118341,0.0,
0.9248595,-0.003874902,3.118341,0.0,
0.935906,-0.0029118229,3.118296,0.0,
0.92320406,-0.0029118229,3.118296,0.0,
0.92075163,-0.0038825078,3.1192663,0.0,
0.7758591,-0.0038825078,3.1192663,0.0,
0.76749235,-0.003889971,3.1182506,0.0,
0.9752062,-0.003889971,3.1182506,0.0,
0.975418,-0.0038861926,3.1182733,0.0,
0.95792645,-0.0038861926,3.1182733,0.0,
0.95761675,-0.0038937565,3.118228,0.0,
1.0626929,-0.0038937565,3.118228,0.0,
1.0629902,-0.0038861926,3.1182733,0.0,
1.1223423,-0.0038861926,3.1182733,0.0,
1.1272552,-0.0038825078,3.1192663,0.0,
1.20035,-0.0038825078,3.1192663,0.0,
1.2105669,-0.002906247,3.1193094,0.0,
1.0713494,-0.002906247,3.1193094,0.0,
1.0504857,-0.0048436136,3.118341,0.0,
1.020004,-0.0048436136,3.118341,0.0,
1.0390027,-0.0029090003,3.1183186,0.0,
1.1268144,-0.0029090003,3.1183186,0.0,
1.1269202,-0.002906183,3.118341,0.0,
1.0602468,-0.002906183,3.118341,0.0,
1.0400231,-0.0048481976,3.1173491,0.0,
0.9450822,-0.0048481976,3.1173491,0.0,
0.9509496,-0.0048436136,3.118341,0.0,
0.9466064,-0.0048436136,3.118341,0.0,
0.9541979,-0.0038786582,3.1183186,0.0,
1.0809662,-0.0038786582,3.1183186,0.0,
1.0858201,-0.0029089332,3.1173491,0.0,
1.0965537,-0.0029089332,3.1173491,0.0,
1.0927973,-0.003874902,3.118341,0.0,
1.1142138,-0.003874902,3.118341,0.0,
1.1105311,-0.0038785692,3.1173491,0.0,
1.0877532,-0.0038785692,3.1173491,0.0,
1.0915022,-0.0029116857,3.1163552,0.0,
1.2146409,-0.0029116857,3.1163552,0.0,
1.2145438,-0.0029145135,3.1163309,0.0,
1.012888,-0.0029145135,3.1163309,0.0,
1.0177695,-0.0029231007,3.117231,0.0,
1.0125879,-0.0029231007,3.117231,0.0,
1.0035888,-0.003897459,3.117231,0.0,
0.96893203,-0.003897459,3.117231,0.0,
0.99214643,-0.0019506825,3.1181822,0.0,
0.90073436,-0.0019506825,3.1181822,0.0,
0.8763235,-0.003901259,3.1172073,0.0,
0.8507682,-0.003901259,3.1172073,0.0,
0.87347806,-0.0039053287,3.1201115,0.0,
0.9241042,-0.0039053287,3.1201115,0.0,
0.9092417,-0.0039051573,3.1181595,0.0,
0.8996374,-0.0039051573,3.1181595,0.0,
0.9155885,-0.0039015207,3.1201324,0.0,
1.0065031,-0.0039015207,3.1201324,0.0,
0.99214864,-0.0039013498,3.1181822,0.0,
1.1440681,-0.0039013498,3.1181822,0.0,
1.1272141,-0.005846418,3.1191792,0.0,
1.0386095,-0.005846418,3.1191792,0.0,
1.0576127,-0.0029288065,3.1171834,0.0,
1.1236702,-0.0029288065,3.1171834,0.0,
1.1328455,-0.002923234,3.1191792,0.0,
1.1781714,-0.002923234,3.1191792,0.0,
1.1694237,-0.0038900573,3.1192229,0.0,
1.2229713,-0.0038900573,3.1192229,0.0,
1.2293357,-0.002923169,3.118205,0.0,
1.2559468,-0.002923169,3.118205,0.0,
1.2557151,-0.002928875,3.1181595,0.0,
1.3007762,-0.002928875,3.1181595,0.0,
1.3212856,-0.008737493,-3.1357675,0.0,
1.2587248,-0.008737493,-3.1357675,0.0,
1.0418736,0.016657563,3.0591838,0.0,
0.33507803,0.016657563,3.0591838,0.0,
1.0722417,-0.0039013498,3.1181822,0.0,
1.0288522,-0.0039013498,3.1181822,0.0,
-2.780155,-0.0039013498,3.1181822,0.0,
-2.7423012,-0.25163716,0.96820223,0.0,
2.9910958,-0.25163716,0.96820223,0.0,
2.554156,0.28321326,-0.38930437,0.0,
2.56819,0.28321326,-0.38930437,0.0,
2.1578143,-0.7627288,-0.0088605285,0.0,
1.9743074,-0.7627288,-0.0088605285,0.0,
2.0604804,-0.6553322,-0.18261169,0.0,
2.003951,-0.6553322,-0.18261169,0.0,
1.850704,-0.7699668,-0.095686145,0.0,
1.3876338,-0.7699668,-0.095686145,0.0,
1.5508909,-0.6994018,-0.06249832,0.0,
1.2432481,-0.6994018,-0.06249832,0.0,
1.3139863,-0.6650958,-0.06706346,0.0,
1.3398087,-0.6650958,-0.06706346,0.0,
1.3405006,-0.66499627,-0.066732444,0.0,
1.4875789,-0.66499627,-0.066732444,0.0,
1.5252028,-0.64744467,-0.08611742,0.0,
1.509285,-0.64744467,-0.08611742,0.0,
1.4400303,-0.6663621,-0.09954503,0.0,
1.3882871,-0.6663621,-0.09954503,0.0,
1.3387916,-0.6776691,-0.111876555,0.0,
1.2869304,-0.68256104,-0.13963266,0.0,
1.299794,-0.68256104,-0.13963266,0.0,
1.2273219,-0.70463115,-0.14153102,0.0,
1.2789602,-0.6881595,-0.14171872,0.0,
1.309352,-0.6832358,-0.13066551,0.0,
1.2962822,-0.6868766,-0.13189562,0.0,
1.2344619,-0.70215553,-0.14189705,0.0,
1.2390256,-0.69899166,-0.14552681,0.0,
1.2076792,-0.70337456,-0.15693489,0.0,
1.2154446,-0.70337456,-0.15693489,0.0,
1.2961494,-0.6817523,-0.14730428,0.0,
1.2293053,-0.7174379,-0.11926599,0.0,
1.3328234,-0.6806892,-0.1205467,0.0,
1.3763824,-0.67030543,-0.10900022,0.0,
1.3571595,-0.66280043,-0.14681478,0.0,
1.2728404,-0.711021,-0.0997991,0.0,
1.3064022,-0.711021,-0.0997991,0.0,
1.3459011,-0.6707055,-0.16650134,0.0,
1.1197768,-0.71970433,-0.20788994,0.0,
0.92980707,-0.74517506,-0.25910202,0.0,
0.77877754,-0.7662947,-0.29347193,0.0,
0.5536501,-0.78374505,-0.35378006,0.0,
0.30167595,-0.816471,-0.41297093,0.0,
0.16793528,-0.86687005,-0.44230103,0.0,
0.201346,-0.86687005,-0.44230103,0.0,
0.49883625,-0.8089512,-0.3684871,0.0,
0.59708935,-0.78589714,-0.35272175,0.0,
0.5107539,-0.8012126,-0.36945853,0.0,
0.6550853,-0.7780298,-0.3403295,0.0,
0.9487487,-0.73622894,-0.28074378,0.0,
0.9420678,-0.74349207,-0.273615,0.0,
0.83021605,-0.7610433,-0.29600513,0.0,
0.93381196,-0.7610433,-0.29600513,0.0,
1.0231111,-0.7489856,-0.27356985,0.0,
0.9262411,-0.7739533,-0.2823797,0.0,
0.7101446,-0.8121907,-0.32842347,0.0,
0.63252646,-0.8364083,-0.33771726,0.0,
1.2405992,-0.66576993,-0.33167154,0.0,
0.94082814,-0.7412728,-0.31983852,0.0,
0.9995493,-0.7412728,-0.31983852,0.0,
0.76053035,-0.8190229,-0.32224146,0.0,
1.377191,-0.68056655,-0.23342803,0.0,
1.1287442,-0.76671046,-0.2133458,0.0,
1.0675789,-0.76182336,-0.25580856,0.0,
1.2149172,-0.73441744,-0.2196596,0.0,
1.3542325,-0.713399,-0.16217566,0.0,
1.2823528,-0.7312406,-0.1787772,0.0,
1.341484,-0.7312406,-0.1787772,0.0,
1.2493892,-0.74954665,-0.2083372,0.0,
1.409728,-0.7183393,-0.14954187,0.0,
1.2797436,-0.7874461,-0.10784209,0.0,
1.3772455,-0.7526226,-0.094578646,0.0,
1.4346092,-0.71474236,-0.13390884,0.0,
1.4753838,-0.69363433,-0.15360281,0.0,
1.382538,-0.71700966,-0.1793975,0.0,
1.4008193,-0.71700966,-0.1793975,0.0,
1.4390038,-0.69963694,-0.19468555,0.0,
1.5672455,-0.6662566,-0.16200589,0.0,
1.5908272,-0.66348225,-0.13584875,0.0,
1.5994841,-0.6574731,-0.15062523,0.0,
1.5924722,-0.6562617,-0.16977829,5.0,
1.5793773,-0.65929663,-0.17649598,30.0,
1.5639331,-0.65929663,-0.17649598,22.0,
1.5954505,-0.6507452,-0.16827305,8.0,
1.5357101,-0.65870076,-0.22173396,29.0,
1.4919448,-0.67649895,-0.1986124,30.0,
1.602073,-0.6433615,-0.20065288,29.0,
1.6637937,-0.6247279,-0.20367071,30.0,
1.5383606,-0.66861486,-0.17106111,29.0,
1.4842973,-0.6708268,-0.23094663,29.0,
1.4295942,-0.6708268,-0.23094663,10.0,
1.3407555,-0.6869099,-0.25305507,19.0,
1.115791,-0.71252245,-0.3189628,29.0,
0.8818789,-0.75734824,-0.3401167,30.0,
0.8503998,-0.7446395,-0.36640888,29.0,
0.6743254,-0.7464016,-0.4132263,30.0,
0.4924741,-0.77069736,-0.43848813,30.0,
0.40642986,-0.8006807,-0.44312453,30.0,
0.3796946,-0.8006807,-0.44312453,0.0,
0.8521592,-0.7210064,-0.38190925,28.0,
0.6115576,-0.7460015,-0.4187605,30.0,
0.6200679,-0.7588481,-0.4063087,29.0,
0.66380346,-0.76736474,-0.3871593,31.0,
0.5201051,-0.76203305,-0.42907023,29.0,
0.757292,-0.7518291,-0.3745749,29.0,
0.79855436,-0.7518291,-0.3745749,20.0,
1.2988509,-0.6797682,-0.28589913,9.0,
1.7341232,-0.581723,-0.21490872,30.0,
1.8585013,-0.54230964,-0.18937004,30.0,
2.0213141,-0.48727575,-0.20018107,30.0,
2.0902338,-0.4799596,-0.25558627,29.0,
2.078261,-0.48253623,-0.25154588,30.0,
2.0376043,-0.49120033,-0.23587857,29.0,
1.963585,-0.49120033,-0.23587857,11.0,
2.033974,-0.45750785,-0.20191865,18.0,
1.8169934,-0.53568757,-0.20517077,29.0,
1.8718086,-0.5173355,-0.20530398,30.0,
1.8158232,-0.53444785,-0.15973222,29.0,
1.7902994,-0.54415333,-0.19016242,30.0,
1.8040849,-0.53992593,-0.20502217,30.0,
1.7667714,-0.55205995,-0.198723,30.0,
1.6877201,-0.55205995,-0.198723,0.0,
1.6403005,-0.56846887,-0.194241,28.0,
1.5858855,-0.5830401,-0.21655032,30.0,
1.6229434,-0.5708656,-0.220398,29.0,
1.5592633,-0.5908054,-0.2199276,30.0,
1.5254118,-0.59760004,-0.23797207,30.0,
1.3742659,-0.63758206,-0.25410947,29.0,
1.3217221,-0.63758206,-0.25410947,21.0,
1.2801477,-0.64550835,-0.2659319,8.0,
1.1575971,-0.67179173,-0.28917068,29.0,
1.135976,-0.6723151,-0.30034223,30.0,
1.0489736,-0.68825936,-0.31816062,29.0,
1.0062305,-0.69110304,-0.33374998,29.0,
0.8635363,-0.7145728,-0.36241862,30.0,
0.73925596,-0.72396153,-0.39750743,29.0,
0.67318916,-0.72396153,-0.39750743,11.0,
0.5742174,-0.74493283,-0.4143575,18.0,
0.67490864,-0.7328809,-0.38953492,30.0,
0.619408,-0.7375307,-0.40471715,30.0,
0.74238414,-0.7255849,-0.37197834,30.0,
0.7845533,-0.718868,-0.36287963,30.0,
0.8590499,-0.70336366,-0.3509306,29.0,
0.7990364,-0.71812665,-0.3581583,31.0,
0.750612,-0.71812665,-0.3581583,0.0,
0.8125421,-0.70767117,-0.34511653,28.0,
0.81018215,-0.7100602,-0.34354883,31.0,
0.9050856,-0.6936215,-0.32375455,28.0,
0.97714376,-0.68308336,-0.30581564,30.0,
1.507064,-0.56053305,-0.21866894,29.0,
1.0567616,-0.68089485,-0.26992726,29.0,
1.0863781,-0.68089485,-0.26992726,21.0,
0.83638227,-0.68432873,-0.3753067,8.0,
0.90624136,-0.7120764,-0.31546134,30.0,
0.9992266,-0.74350417,-0.22909626,29.0,
1.4200233,-0.6240768,-0.13160421,30.0,
1.2757117,-0.6217018,-0.26793173,29.0,
1.5715741,-0.53655237,-0.28842956,29.0,
1.5339667,-0.5588927,-0.21715426,30.0,
1.6069124,-0.5588927,-0.21715426,11.0,
1.8748763,-0.48068514,-0.2975751,18.0,
1.5658337,-0.56334955,-0.2705134,29.0,
0.023051046,-0.65806204,-0.57779324,30.0,
0.7230377,-0.6003118,-0.5199827,29.0,
1.1993994,-0.60432345,-0.40952444,29.0,
-1.0081409,-0.663674,-0.7891547,29.0,
0.5954783,-0.6214351,-0.5175652,30.0,
0.39927673,-0.6214351,-0.5175652,0.0,
0.8114667,-0.60931396,-0.4824289,28.0,
1.0295198,-0.6753999,-0.33431578,30.0,
0.8641994,-0.8232964,-0.2232678,30.0,
0.28567007,-1.0095384,-0.4016327,29.0,
0.45734373,-1.0260417,-0.2986616,30.0,
0.30019337,-1.0858861,-0.37027088,29.0,
0.3305215,-1.0858861,-0.37027088,21.0,
1.1944392,-1.2795,0.43121624,8.0,
1.5294524,-0.9739561,0.4901754,30.0,
1.712219,-0.97826374,0.72134596,29.0,
2.2390797,-0.91054153,1.4194951,33.0,
1.7392745,-1.1149065,0.8692122,26.0,
1.3573511,-1.1563778,0.4868992,30.0,
-1.1574358,-1.0059222,-1.2722974,29.0,
-1.1617612,-1.0059222,-1.2722974,11.0,
-2.3082793,-0.27203703,-2.589275,19.0,
-2.319815,-0.12929061,-2.6899564,29.0,
-2.3940299,-0.10748766,-2.8895764,30.0,
-2.35855,0.017505812,-2.9198854,30.0,
-2.4751775,-0.01809316,-3.1053944,29.0,
-2.4272826,-0.004075966,-3.0370572,35.0,
-2.4369624,-0.004075966,-3.0370572,0.0,
-2.5311594,0.028001692,2.9857779,28.0,
-2.5446334,-0.007785194,2.9841235,30.0,
-2.4837744,0.074085385,3.0499249,29.0,
-2.4701977,0.05923857,3.0961695,30.0,
2.3418453,-0.16499898,0.38302583,30.0,
-2.3443155,0.17001571,-2.8086004,31.0,
-2.463732,0.17001571,-2.8086004,18.0,
-2.4837518,0.029995399,-3.11797,8.0,
-2.5053413,-0.053747024,3.0894513,29.0,
-2.4954493,-0.005800517,3.11452,30.0,
-2.4921322,0.020277208,3.1145494,29.0,
-2.494817,-0.0060163806,3.1185277,32.0,
-2.4938462,9.67814E-4,3.1193311,28.0,
-2.4943378,-0.0,3.1170156,30.0,
-2.448086,-0.0,3.1170156,10.0,
-2.4478626,-0.0,3.116108,18.0,
-2.4481735,-9.753422E-4,3.1181822,30.0,
-2.44842,-9.744138E-4,3.1191792,29.0,
-2.448476,-0.0019431881,3.120216,29.0,
-2.4484425,-9.7063155E-4,3.1192663,30.0,
-2.4483964,-0.0,3.1182733,30.0,
-2.4483385,9.7436935E-4,3.117231,30.0,
-2.3685973,9.7436935E-4,3.117231,0.0,
-2.3645437,-0.0,3.1133626,28.0,
-2.36535,0.0019446951,3.1124182,29.0,
-2.3677557,0.0019486406,3.115283,29.0,
-2.3670318,-9.7247487E-4,3.1172783,30.0,
-2.3686175,-0.001952672,3.1201115,32.0,
-2.3719618,-0.0019509161,3.1240335,27.0,
-1.9676056,-0.0019509161,3.1240335,20.0,
-1.9610217,-0.0019508076,3.1211078,8.0,
-1.9577165,-9.753194E-4,3.1172073,30.0,
-1.9546143,-0.0,3.1133351,29.0,
-1.9645727,0.0019504365,3.1133075,29.0,
