0.0,-0.0,-0.0,166.0,
0.0,-0.0,-0.0,0.0,
0.0,-0.0,-0.0,0.0,
0.0,-0.0,-0.0,0.0,
0.0,-0.0,-0.0,0.0,
0.0,-0.0,-0.0,0.0,
0.0,-0.0,-0.0,0.0,
0.0,-0.0,-0.0,0.0,
2.3991015,-0.47784686,0.14136814,16.0,
2.3688095,-0.49707204,0.14402874,41.0,
2.3416798,-0.5120319,0.14887415,0.0,
2.3437977,-0.51098007,0.14831977,0.0,
2.3424115,-0.5074653,0.15653504,154.0,
2.3327785,-0.51107526,0.16153978,0.0,
2.3464649,-0.50430274,0.15748799,0.0,
2.3472743,-0.5028779,0.15913384,0.0,
2.3225749,-0.51269156,0.1713653,0.0,
2.304183,-0.51269156,0.1713653,0.0,
2.2661815,-0.52628344,0.19346035,0.0,
2.2496564,-0.5353783,0.19567694,0.0,
2.2483878,-0.5384589,0.1896975,0.0,
2.2388518,-0.54169375,0.19586936,56.0,
2.2400248,-0.536725,0.2073295,0.0,
2.2255933,-0.5370119,0.23130365,0.0,
2.220378,-0.53922635,0.2343333,136.0,
2.2737284,-0.5155311,0.2078877,0.0,
2.3129358,-0.49498427,0.19627756,0.0,
2.3152075,-0.48935735,0.20464265,0.0,
2.3215494,-0.48935735,0.20464265,0.0,
2.279185,-0.50759906,0.2255605,0.0,
2.2774959,-0.51174486,0.21848486,0.0,
2.16317,-0.56630325,0.26182523,0.0,
2.1788661,-0.54406065,0.31084877,55.0,
2.2279058,-0.52039665,0.28058514,4.0,
2.2239406,-0.5176355,0.2971572,0.0,
2.2228622,-0.52479416,0.27746266,151.0,
2.2035592,-0.54347306,0.25747967,0.0,
2.1751547,-0.5573636,0.26894304,0.0,
2.199226,-0.54430693,0.2634331,0.0,
2.2033436,-0.5424444,0.26122347,0.0,
2.2132294,-0.5424444,0.26122347,0.0,
2.2317116,-0.5352929,0.24988803,0.0,
2.2304828,-0.53726035,0.24648334,0.0,
2.217046,-0.5395451,0.26303136,0.0,
2.21807,-0.5373847,0.26760206,37.0,
2.2266638,-0.5323045,0.26698014,0.0,
2.2238753,-0.53392506,0.2672829,155.0,
2.218422,-0.53806347,0.26495004,1.0,
2.229276,-0.53322524,0.25978237,0.0,
2.2282827,-0.5325037,0.263552,0.0,
2.212889,-0.5391853,0.2717323,0.0,
2.2246077,-0.5391853,0.2717323,0.0,
2.162064,-0.5723395,0.2834841,0.0,
2.0848584,-0.61125743,0.29855078,0.0,
2.1383333,-0.5841166,0.2897163,0.0,
2.1624875,-0.57366735,0.27745175,56.0,
2.187764,-0.56141216,0.27018535,0.0,
2.1844597,-0.561153,0.2775621,0.0,
2.18789,-0.5634129,0.2632276,136.0,
2.2328744,-0.54096836,0.25269094,0.0,
2.2515268,-0.5280861,0.25698355,0.0,
2.2806485,-0.5121827,0.25106034,0.0,
2.3375561,-0.48504117,0.2292044,0.0,
2.3868206,-0.44495445,0.236355,0.0,
2.28841,-0.48223734,0.30806917,0.0,
2.2834768,-0.48223734,0.30806917,1.0,
2.1851552,-0.5442039,0.32284796,59.0,
2.1968033,-0.55833596,0.25193274,0.0,
2.194746,-0.55841625,0.25527775,0.0,
2.2053545,-0.5590714,0.23545232,153.0,
2.234176,-0.541052,0.24097952,0.0,
2.2683086,-0.5355362,0.20671833,0.0,
2.2475772,-0.5506616,0.19756955,0.0,
2.2384546,-0.5506616,0.19756955,0.0,
2.2064686,-0.56762964,0.19575511,0.0,
2.3142169,-0.5360429,0.1435869,0.0,
2.3387635,-0.53562653,0.1213297,0.0,
2.2904289,-0.54917455,0.14139196,0.0,
2.281177,-0.5593067,0.12967075,38.0,
2.30354,-0.5452796,0.13622667,0.0,
2.2616272,-0.5399823,0.19359304,156.0,
2.2337332,-0.5399823,0.19359304,0.0,
2.2064316,-0.5512139,0.2023114,0.0,
2.3225791,-0.4954141,0.17998539,0.0,
2.4268534,-0.46185285,0.12769748,0.0,
2.5320098,-0.45517436,0.052089427,0.0,
2.5890539,-0.4542999,0.015249035,0.0,
2.6249368,-0.45398644,-0.0061487905,0.0,
2.687821,-0.37974885,0.008083311,0.0,
2.6291509,-0.44665146,-0.0028471956,37.0,
2.551921,-0.51517254,-0.019491764,0.0,
2.4853547,-0.51517254,-0.019491764,155.0,
2.4731576,-0.4750887,0.03418663,0.0,
2.4704077,-0.443438,0.07348712,0.0,
2.48727,-0.44403216,0.059583392,0.0,
2.4118352,-0.51040715,0.031973526,0.0,
2.2517993,-0.53040516,0.1376188,0.0,
2.3107693,-0.547438,0.047576282,0.0,
2.4384806,-0.53188187,-0.01310402,0.0,
2.5250158,-0.5162012,-0.04163497,20.0,
2.5338066,-0.49739337,-0.027297998,0.0,
2.4835796,-0.48293445,0.018100163,40.0,
2.4100935,-0.4737058,0.08410824,0.0,
2.4764502,-0.44615352,0.065519035,155.0,
2.5361948,-0.468151,4.0283395E-4,0.0,
2.5017796,-0.5034616,-0.015785392,0.0,
2.338806,-0.54300964,0.03429662,0.0,
2.290777,-0.54300964,0.03429662,0.0,
2.2224543,-0.5493131,0.08366178,0.0,
2.2314065,-0.54015887,0.09568459,0.0,
2.2830875,-0.52784896,0.07014236,0.0,
2.323353,-0.5213578,0.04697951,0.0,
2.306932,-0.5273543,0.04998682,35.0,
2.2756941,-0.5409883,0.050816737,0.0,
2.270914,-0.5501861,0.03656736,157.0,
2.2939684,-0.54786026,0.022725662,0.0,
2.3227513,-0.5449268,0.006900133,0.0,
2.305762,-0.5449752,0.01908669,0.0,
2.3502,-0.52735484,0.016413378,0.0,
2.3031695,-0.52735484,0.016413378,0.0,
2.326856,-0.52992123,-0.0065684733,0.0,
2.3339899,-0.53265524,-0.0162876,0.0,
2.3227692,-0.5352128,-0.012548752,0.0,
2.3668468,-0.525703,-0.027804,38.0,
2.4236658,-0.52038825,-0.055524386,0.0,
2.4099176,-0.5517779,-0.089337945,152.0,
2.340604,-0.5517779,-0.089337945,0.0,
2.195584,-0.55589145,0.015307354,0.0,
2.1814651,-0.51477146,0.14987035,0.0,
2.0882878,-0.5525155,0.21741214,0.0,
1.9861175,-0.61059445,0.19736683,0.0,
1.8794485,-0.66166294,0.09443822,0.0,
1.8425252,-0.676207,0.015400147,0.0,
2.0536945,-0.6083607,0.020962859,19.0,
2.1647584,-0.54032135,0.098573394,0.0,
2.2037785,-0.52102846,0.09631077,38.0,
2.2412212,-0.51811737,0.05578017,0.0,
2.27865,-0.5271047,-0.0010526584,138.0,
2.256944,-0.546134,-0.020384395,0.0,
2.2317803,-0.5366855,0.023681005,0.0,
2.1870704,-0.5396456,0.06852436,0.0,
2.2108092,-0.5318754,0.058848333,0.0,
2.2411785,-0.52190566,0.04722177,0.0,
2.1741729,-0.55176187,0.051313788,0.0,
2.1426382,-0.55176187,0.051313788,0.0,
2.043066,-0.5977549,0.037719287,17.0,
2.001325,-0.61846787,0.009911831,38.0,
1.9187706,-0.644061,0.037828904,0.0,
1.9153455,-0.6440193,0.055565722,156.0,
1.9087601,-0.6440193,0.055565722,0.0,
2.0040574,-0.60548264,0.058695726,0.0,
2.0833142,-0.56193036,0.09926621,0.0,
2.0799453,-0.55249256,0.15805666,0.0,
2.0955215,-0.54199743,0.16590196,0.0,
2.110232,-0.5383409,0.1418751,0.0,
2.073779,-0.55911225,0.1400229,0.0,
2.0099676,-0.58619624,0.21572812,18.0,
1.945812,-0.62299305,0.23214474,0.0,
1.9815447,-0.6026985,0.21644433,19.0,
2.0191107,-0.58627576,0.15561911,155.0,
2.0121024,-0.58627576,0.15561911,0.0,
2.0834885,-0.55437535,0.108527154,0.0,
2.084436,-0.5639646,0.059988633,0.0,
2.0153651,-0.59681004,0.05409057,0.0,
1.9933162,-0.60508317,0.0649026,0.0,
2.0299118,-0.58458436,0.09189122,0.0,
2.1143558,-0.5398674,0.098263435,0.0,
2.17323,-0.5158818,0.06821225,20.0,
2.1577375,-0.53036356,0.04879453,0.0,
2.0477443,-0.5863616,0.03243526,37.0,
2.0896683,-0.56626445,0.038979046,0.0,
2.0950007,-0.56626445,0.038979046,136.0,
2.0839045,-0.57376456,0.02881194,0.0,
2.0405147,-0.5885496,0.055373527,0.0,
2.0680068,-0.56952167,0.08790094,0.0,
2.2065165,-0.50042814,0.06227351,0.0,
2.1746635,-0.5188249,0.062023852,0.0,
2.1199613,-0.5526694,0.044904128,0.0,
2.1958122,-0.5401554,-0.029081045,0.0,
2.1872303,-0.5386325,-0.014387451,19.0,
2.1728663,-0.52431285,0.048081435,42.0,
2.1365383,-0.54135466,0.055616904,0.0,
2.1515002,-0.54135466,0.055616904,151.0,
2.1386967,-0.548317,0.05457001,0.0,
2.10002,-0.5663212,0.060744148,0.0,
2.1010416,-0.566227,0.058936838,0.0,
2.1056345,-0.5624342,0.06542674,0.0,
2.1045778,-0.55888855,0.08345493,0.0,
2.0939622,-0.56321824,0.089290075,0.0,
2.1212695,-0.55493605,0.063479915,0.0,
2.081037,-0.5694246,0.09207202,19.0,
2.105012,-0.5556411,0.09720645,0.0,
2.1509533,-0.5376708,0.0694184,18.0,
2.2032783,-0.52443445,0.024371125,155.0,
2.2117617,-0.52443445,0.024371125,0.0,
2.112256,-0.5710213,0.03554457,0.0,
2.099759,-0.5738213,0.04889662,0.0,
2.1140778,-0.5718979,0.028643912,0.0,
2.1110528,-0.572855,0.030471792,0.0,
2.1204352,-0.56199646,0.05567432,0.0,
2.142555,-0.5464693,0.0710696,0.0,
2.1874115,-0.5273329,0.053406656,19.0,
2.1578,-0.54661745,0.042400945,0.0,
2.0919127,-0.5759504,0.05642897,39.0,
2.1310678,-0.55190504,0.073829055,0.0,
2.1293793,-0.55190504,0.073829055,136.0,
2.1931615,-0.53602165,0.017516632,0.0,
2.3156753,-0.49325132,-0.030984486,0.0,
2.2690275,-0.4989952,0.0089255385,0.0,
2.139792,-0.5442452,0.08174548,0.0,
2.1184816,-0.54993075,0.10680417,0.0,
2.1066213,-0.557312,0.10319238,0.0,
2.1319892,-0.5550967,0.056308143,39.0,
2.1625204,-0.5433588,0.0425853,0.0,
2.1735559,-0.53727126,0.04365851,0.0,
2.1827018,-0.53801274,0.027089836,21.0,
2.1785896,-0.53801274,0.027089836,151.0,
2.1835072,-0.5357327,0.026407009,0.0,
2.2293649,-0.5205082,0.0040398217,0.0,
2.259472,-0.5039919,0.0050071683,0.0,
2.213159,-0.5293707,0.0026488935,0.0,
2.1784563,-0.54515666,0.006292902,0.0,
2.1708257,-0.5624824,-0.033586696,0.0,
2.1911135,-0.5437099,-0.0067163254,0.0,
2.1218197,-0.56133264,0.043951936,20.0,
1.977582,-0.6218262,0.09142604,0.0,
1.991599,-0.6185064,0.060010113,18.0,
2.0344462,-0.6012513,0.04780534,155.0,
2.0361712,-0.6012513,0.04780534,0.0,
2.0777357,-0.58287114,0.045805678,0.0,
2.054621,-0.58759195,0.078565754,0.0,
2.0741098,-0.57957125,0.070639804,0.0,
2.0619864,-0.5845979,0.07526023,0.0,
2.0468063,-0.5895979,0.0897357,0.0,
2.0538723,-0.58890134,0.07297645,0.0,
2.0270872,-0.5960121,0.114711724,19.0,
1.9998723,-0.60422754,0.19010457,0.0,
2.0462904,-0.57553893,0.2042395,20.0,
2.0498161,-0.57553893,0.2042395,153.0,
2.0353687,-0.58679646,0.1775769,0.0,
1.9836435,-0.6170887,0.15047061,0.0,
1.934082,-0.64202374,0.15969142,0.0,
1.9622799,-0.6268915,0.19845553,0.0,
2.031837,-0.58465123,0.22915968,0.0,
2.0222206,-0.5894535,0.2548802,0.0,
2.0033526,-0.60164064,0.25500622,0.0,
1.9962947,-0.606681,0.22702105,39.0,
1.9907554,-0.6112048,0.19069411,0.0,
1.9763063,-0.6199874,0.16957164,0.0,
2.0483987,-0.58133006,0.16002993,18.0,
2.053038,-0.58133006,0.16002993,155.0,
2.120127,-0.54803133,0.13258645,0.0,
2.0838323,-0.5645048,0.1554657,0.0,
2.010795,-0.6046071,0.15812975,0.0,
2.026252,-0.59509104,0.17054741,0.0,
2.116839,-0.5657609,0.06475124,0.0,
2.0526092,-0.5913912,0.09291973,0.0,
2.006322,-0.6118763,0.10597699,0.0,
1.9364802,-0.643373,0.1257602,20.0,
1.9682665,-0.62661135,0.16247967,0.0,
2.0888324,-0.56777996,0.12151613,17.0,
2.105626,-0.5587445,0.12085006,155.0,
2.1142657,-0.5587445,0.12085006,0.0,
2.0069401,-0.6073751,0.20313251,0.0,
2.0197144,-0.60331756,0.16315025,0.0,
2.1701224,-0.54191536,0.07085589,0.0,
2.1523995,-0.5521114,0.06767861,0.0,
2.043042,-0.5965852,0.11771965,0.0,
2.0230186,-0.60082823,0.17074473,0.0,
2.057847,-0.5820898,0.16597971,43.0,
2.0745535,-0.58013713,0.12006441,0.0,
2.0401945,-0.5998359,0.10483298,0.0,
2.0518703,-0.5998359,0.10483298,149.0,
2.049324,-0.60159,0.10147374,0.0,
2.063888,-0.5944352,0.10212523,0.0,
2.0900753,-0.5818656,0.100023106,0.0,
2.0751705,-0.58742803,0.11014055,0.0,
2.0719185,-0.59137076,0.09730121,0.0,
2.036822,-0.60620207,0.111017376,0.0,
2.0251665,-0.6099433,0.1262013,0.0,
2.0305958,-0.6068412,0.12960745,39.0,
2.0491962,-0.5962703,0.13809863,0.0,
2.061402,-0.5893897,0.14143082,0.0,
2.0675893,-0.5871782,0.13458946,19.0,
2.0908325,-0.57866627,0.11417082,136.0,
2.1046958,-0.57866627,0.11417082,0.0,
2.149765,-0.55842936,0.10093759,0.0,
2.1393147,-0.56098866,0.11225465,0.0,
2.1227813,-0.5690618,0.11510259,0.0,
2.1259024,-0.5694719,0.10656426,0.0,
2.100501,-0.57888114,0.12347423,0.0,
2.0716443,-0.58886147,0.15230374,0.0,
2.0403333,-0.6029961,0.17153728,38.0,
2.0439355,-0.6023713,0.1606925,0.0,
2.0564609,-0.5978548,0.14565034,21.0,
2.0822916,-0.5978548,0.14565034,152.0,
2.0656161,-0.60539883,0.15168159,0.0,
2.0574353,-0.607405,0.16692704,0.0,
2.0402968,-0.615366,0.1745652,0.0,
2.0379207,-0.6152594,0.18689905,0.0,
2.0286167,-0.6193055,0.19627383,0.0,
2.0085456,-0.63041407,0.18962446,0.0,
1.9468379,-0.66128427,0.21637328,0.0,
1.9262905,-0.6723926,0.23796645,39.0,
1.9233313,-0.6733003,0.21877345,0.0,
1.8693063,-0.7035763,0.25789455,0.0,
1.8916785,-0.7035763,0.25789455,153.0,
2.0374622,-0.6232184,0.27815574,0.0,
2.1252875,-0.57924086,0.20881492,0.0,
2.1671486,-0.5673332,0.15571496,0.0,
2.1720402,-0.57565707,0.116726704,0.0,
2.0589304,-0.62431663,0.15312749,0.0,
2.0163379,-0.63965636,0.20754673,0.0,
2.074493,-0.6150881,0.16310218,0.0,
2.1881304,-0.5804347,0.07559034,38.0,
2.1260638,-0.60787344,0.07974697,0.0,
2.1300445,-0.59772056,0.112948224,0.0,
2.0812306,-0.6149501,0.14391896,19.0,
2.1356509,-0.6149501,0.14391896,136.0,
2.3202646,-0.54733235,0.06773183,0.0,
2.2896125,-0.5946175,0.002519507,0.0,
2.1939032,-0.6291446,0.011379693,0.0,
2.1016526,-0.6128702,0.25231397,0.0,
2.063122,-0.6280256,0.3510249,0.0,
2.0721138,-0.6222491,0.3459009,0.0,
1.9612068,-0.6963791,0.40063035,19.0,
1.8962755,-0.7543875,0.48961857,0.0,
1.9224463,-0.7475949,0.5409497,38.0,
1.9910427,-0.69990665,0.5731053,0.0,
2.001137,-0.6891367,0.56164557,156.0,
2.0394835,-0.6891367,0.56164557,0.0,
2.0159125,-0.7094762,0.5701131,0.0,
1.9939909,-0.72392744,0.5535323,0.0,
1.9310025,-0.8014736,0.6645239,0.0,
1.9040222,-0.8077432,0.61729383,0.0,
2.099306,-0.63922006,0.577564,0.0,
2.1256258,-0.614844,0.578635,0.0,
2.0966458,-0.63786054,0.48699805,39.0,
2.1387537,-0.6072016,0.42539668,0.0,
2.0702088,-0.6577993,0.40081716,0.0,
2.071458,-0.6566063,0.42895925,39.0,
2.139678,-0.6089919,0.398617,0.0,
2.2179892,-0.55949605,0.34323514,115.0,
2.2645454,-0.55949605,0.34323514,0.0,
2.2928295,-0.54295146,0.32676503,0.0,
2.2681243,-0.56679344,0.31101468,0.0,
2.236188,-0.5858051,0.32346812,0.0,
2.2143137,-0.59388334,0.35317317,0.0,
2.2221482,-0.5849993,0.36737975,39.0,
2.2478366,-0.568291,0.35712364,0.0,
2.262081,-0.5734844,0.3034771,0.0,
2.3005605,-0.55881804,0.2679173,57.0,
2.2711053,-0.5685773,0.2989121,0.0,
2.2402163,-0.5853335,0.31495285,0.0,
2.280133,-0.5688305,0.2795074,38.0,
2.3321354,-0.54505,0.24690858,0.0,
2.3462348,-0.5465872,0.22174571,58.0,
2.387696,-0.5465872,0.22174571,0.0,
2.3677483,-0.5561599,0.23023029,0.0,
2.3411763,-0.56984055,0.23937628,57.0,
2.3323598,-0.5751817,0.24048124,0.0,
2.3433495,-0.56708825,0.24219918,0.0,
2.339733,-0.5665189,0.24883418,0.0,
2.3654084,-0.55453885,0.23672801,39.0,
2.4184186,-0.5305843,0.21058862,0.0,
2.451693,-0.5154687,0.1944396,115.0,
2.4789364,-0.5154687,0.1944396,0.0,
2.5067286,-0.49869996,0.18680578,0.0,
2.513657,-0.49967197,0.17836426,0.0,
2.5265741,-0.49277005,0.17350955,0.0,
2.5338085,-0.49016252,0.16926531,0.0,
2.5323532,-0.48951387,0.17148589,38.0,
2.5132413,-0.4920775,0.18818916,0.0,
2.4890409,-0.49090508,0.21647029,0.0,
2.4724054,-0.50560814,0.21548992,38.0,
2.4692907,-0.50944877,0.21364067,0.0,
2.4836955,-0.50944877,0.21364067,116.0,
2.49872,-0.5028911,0.20612478,0.0,
2.5069542,-0.50050473,0.20047516,0.0,
2.4930034,-0.5076366,0.20602259,0.0,
2.483263,-0.5126396,0.20978041,0.0,
2.5025077,-0.5118267,0.190698,0.0,
2.5038202,-0.5070275,0.19547054,40.0,
2.5063467,-0.5000684,0.20166308,0.0,
2.5268478,-0.48933616,0.1935104,0.0,
2.5102139,-0.50691134,0.18908629,56.0,
2.5250378,-0.506395,0.17503855,0.0,
2.54774,-0.49983865,0.16101818,0.0,
2.5430079,-0.49542654,0.17043556,97.0,
2.5442386,-0.49542654,0.17043556,0.0,
2.564027,-0.4858192,0.16251065,0.0,
2.52822,-0.51238656,0.16588838,0.0,
2.5399897,-0.5053673,0.16318713,0.0,
2.5276797,-0.52230704,0.15474838,59.0,
2.5378149,-0.5232833,0.14478332,0.0,
2.556956,-0.515396,0.13724066,0.0,
2.5505664,-0.51909804,0.13860513,0.0,
2.5171337,-0.5295849,0.15542623,38.0,
2.4791622,-0.5465365,0.16808245,0.0,
2.47036,-0.5465365,0.16808245,97.0,
2.4799757,-0.5435308,0.16344528,0.0,
2.4873748,-0.5417883,0.15915172,0.0,
2.5026813,-0.53196245,0.15816751,0.0,
2.5126133,-0.5263529,0.15633221,0.0,
2.5414128,-0.51900333,0.14023417,0.0,
2.542457,-0.51344657,0.14553966,57.0,
2.5039766,-0.51521,0.17787495,0.0,
2.4762208,-0.5167401,0.20307465,0.0,
2.524237,-0.49393025,0.18433386,57.0,
2.5042343,-0.5155834,0.1771673,0.0,
2.5259476,-0.5009565,0.17448488,0.0,
2.506225,-0.50426376,0.18932295,96.0,
2.4680076,-0.50426376,0.18932295,0.0,
2.4642982,-0.5098083,0.18546931,0.0,
2.4454117,-0.51195395,0.201539,0.0,
2.432545,-0.5225298,0.19930208,0.0,
2.4631312,-0.5169544,0.1768503,39.0,
2.464408,-0.5294881,0.15861405,0.0,
2.4359503,-0.5429554,0.16558835,0.0,
2.4234807,-0.534217,0.1908215,58.0,
2.4267178,-0.5219908,0.20623396,0.0,
2.4132433,-0.5311802,0.20622988,0.0,
2.4097042,-0.5359596,0.20233706,95.0,
2.3362265,-0.5359596,0.20233706,0.0,
2.366432,-0.5257035,0.1864549,0.0,
2.3845975,-0.5231885,0.17117985,0.0,
2.3657482,-0.5295462,0.18042892,0.0,
2.3754246,-0.51402587,0.19669977,57.0,
2.3897922,-0.51618516,0.1772575,0.0,
2.3414114,-0.53901356,0.19033276,0.0,
2.368315,-0.51727897,0.19918907,0.0,
2.395885,-0.5089582,0.18249044,38.0,
2.3994956,-0.5070699,0.18164295,0.0,
2.3456824,-0.5070699,0.18164295,96.0,
2.3995888,-0.4863093,0.15699421,0.0,
2.4258492,-0.47566357,0.14601062,0.0,
2.3961716,-0.47434965,0.17929168,0.0,
2.3068154,-0.5193787,0.20584871,0.0,
2.2317004,-0.5539853,0.23186894,0.0,
2.2458017,-0.5537687,0.2105008,60.0,
2.3360376,-0.52033114,0.16817002,0.0,
2.3928607,-0.4866103,0.16363265,0.0,
2.3814113,-0.48734438,0.17496052,56.0,
2.3469105,-0.50914806,0.17641416,0.0,
2.3435118,-0.51906294,0.16214876,0.0,
2.3052363,-0.51906294,0.16214876,96.0,
2.296391,-0.5289522,0.15229355,0.0,
2.2844806,-0.52928627,0.1659345,0.0,
2.2719824,-0.53004193,0.18029092,0.0,
2.2502086,-0.54104674,0.18362017,0.0,
2.2530146,-0.5442457,0.17195626,38.0,
2.2867901,-0.5428979,0.13402735,0.0,
2.3345516,-0.5292336,0.11104118,0.0,
2.3239245,-0.52665436,0.1264991,58.0,
2.269393,-0.54032695,0.16011257,0.0,
2.2343023,-0.5623588,0.1513309,0.0,
2.2672317,-0.55642825,0.1263451,97.0,
2.248523,-0.55642825,0.1263451,0.0,
2.187443,-0.58384496,0.13075632,0.0,
2.1648004,-0.58949524,0.14532308,0.0,
2.2315931,-0.5638101,0.12867483,0.0,
2.2832673,-0.54889554,0.104566514,39.0,
2.361874,-0.5135655,0.09292757,0.0,
2.4288094,-0.4723858,0.09346888,0.0,
2.3493466,-0.48711663,0.15099296,77.0,
2.3054833,-0.5102862,0.15901385,0.0,
2.285364,-0.50734025,0.19153124,0.0,
2.25404,-0.5055039,0.24467002,0.0,
2.245642,-0.5055039,0.24467002,77.0,
2.2511997,-0.48758087,0.28236917,0.0,
2.2569203,-0.48652,0.27396715,0.0,
2.2325532,-0.50659066,0.2664332,0.0,
2.1828654,-0.54812443,0.23578155,58.0,
2.249759,-0.53336376,0.16687372,0.0,
2.2459142,-0.5538983,0.12210833,0.0,
2.2000072,-0.57937896,0.11258318,0.0,
2.2006376,-0.57304865,0.12939146,58.0,
2.2031326,-0.5655472,0.14714897,0.0,
2.2045023,-0.5599939,0.16101459,0.0,
2.2000692,-0.5599939,0.16101459,97.0,
2.1871793,-0.5668088,0.16060208,0.0,
2.1500638,-0.58847326,0.14931557,0.0,
2.1363297,-0.59345436,0.15475118,0.0,
2.1465247,-0.5845088,0.16991284,0.0,
2.1538901,-0.57959735,0.17444977,38.0,
2.1577659,-0.58462244,0.14998725,0.0,
2.1741283,-0.58591807,0.12090937,0.0,
2.1828916,-0.58406,0.11449072,58.0,
2.1644692,-0.5853059,0.13704881,0.0,
2.1440678,-0.5910229,0.15029314,0.0,
2.14151,-0.5910229,0.15029314,98.0,
2.1612368,-0.5915439,0.116416164,0.0,
2.2202299,-0.57960534,0.07526839,0.0,
2.2021031,-0.583898,0.08496313,0.0,
2.1787527,-0.58249974,0.11962306,0.0,
2.150931,-0.5864048,0.15060708,39.0,
2.1486292,-0.5906791,0.13921864,0.0,
2.1597357,-0.595243,0.10651066,0.0,
2.1587262,-0.6002858,0.09163729,75.0,
2.1399958,-0.60041994,0.1184253,0.0,
2.1374812,-0.5964559,0.13704306,0.0,
2.148809,-0.5917748,0.13502228,0.0,
2.1175683,-0.60551614,0.13694255,77.0,
2.1152894,-0.60551614,0.13694255,0.0,
2.148366,-0.5941707,0.121761516,0.0,
2.1917746,-0.5816778,0.097315006,0.0,
2.192015,-0.58656514,0.08288197,58.0,
2.1490495,-0.6004386,0.098777786,0.0,
2.150614,-0.59058493,0.13080107,0.0,
2.209109,-0.54791874,0.17045406,0.0,
2.2132869,-0.5515927,0.15284474,57.0,
2.2380424,-0.5517803,0.11647479,0.0,
2.2628427,-0.546543,0.0978378,0.0,
2.3068113,-0.53541625,0.07253283,78.0,
2.2894099,-0.53541625,0.07253283,0.0,
2.2894874,-0.532995,0.07749003,0.0,
2.2508202,-0.5408882,0.10672752,0.0,
2.2039702,-0.55963755,0.123214014,0.0,
2.1856933,-0.57933205,0.091859065,56.0,
2.1753752,-0.5968671,0.05321036,0.0,
2.160325,-0.60753673,0.039362237,0.0,
2.168822,-0.60238713,0.04475081,79.0,
2.188713,-0.58617204,0.06772343,0.0,
2.1904109,-0.57975525,0.08409322,0.0,
2.1978683,-0.58495975,0.059760783,0.0,
2.2309005,-0.5823049,0.029893912,77.0,
2.2140257,-0.5823049,0.029893912,0.0,
2.2322874,-0.5763081,0.024695301,0.0,
2.2352955,-0.5680305,0.041567963,0.0,
2.2220635,-0.56903744,0.054798007,38.0,
2.1858466,-0.5839554,0.06023227,0.0,
2.1626081,-0.59704226,0.05170043,0.0,
2.1813393,-0.59079516,0.045944776,78.0,
2.2161858,-0.58153427,0.02943497,0.0,
2.2409177,-0.5733522,0.02253726,0.0,
2.2052848,-0.5788232,0.04958576,0.0,
2.1940482,-0.5788232,0.04958576,76.0,
2.162372,-0.58644956,0.07256432,0.0,
2.1570435,-0.5868447,0.079956084,0.0,
2.1701143,-0.58024323,0.08079877,0.0,
2.1645107,-0.5783787,0.09658266,59.0,
2.1501322,-0.5841796,0.10178081,0.0,
2.126833,-0.5991354,0.08770692,0.0,
2.1229749,-0.60494673,0.071532756,0.0,
2.1345692,-0.60027695,0.06933586,58.0,
2.133748,-0.599838,0.07241355,0.0,
2.1257713,-0.5998186,0.08696023,0.0,
2.1173635,-0.5998186,0.08696023,78.0,
2.1117005,-0.59793586,0.1076983,0.0,
2.1262412,-0.5869154,0.12389585,0.0,
2.1541967,-0.57445973,0.114075154,0.0,
2.2053,-0.5653762,0.056954954,0.0,
2.2137363,-0.5707919,0.030513264,59.0,
2.1909838,-0.5749494,0.04970384,0.0,
2.164004,-0.5782032,0.08201864,0.0,
2.17518,-0.57114625,0.0865686,75.0,
2.1563022,-0.5785039,0.09489046,0.0,
2.1799698,-0.5719335,0.07594982,0.0,
2.1900818,-0.5712982,0.062014196,0.0,
2.2078109,-0.56749207,0.04744384,76.0,
2.1844945,-0.57320344,0.06472671,0.0,
2.1801772,-0.57320344,0.06472671,0.0,
2.1555092,-0.5805617,0.08357114,0.0,
2.1493564,-0.58176225,0.09122696,38.0,
2.1583414,-0.58019364,0.07950874,0.0,
2.1556942,-0.58159304,0.07938668,0.0,
2.155837,-0.58135116,0.08000888,77.0,
2.1562414,-0.58496886,0.06603721,0.0,
2.144498,-0.589027,0.07275914,0.0,
2.1367037,-0.5888115,0.08928286,0.0,
2.1456218,-0.58402586,0.09000272,78.0,
2.1595578,-0.5808903,0.0747044,0.0,
2.167528,-0.58052945,0.061769545,0.0,
2.1632326,-0.58052945,0.061769545,0.0,
2.159199,-0.58008736,0.07076445,59.0,
2.1551754,-0.58174956,0.072290875,0.0,
2.153391,-0.5828558,0.07159102,0.0,
2.1516328,-0.5831549,0.07386684,0.0,
2.1520245,-0.581761,0.07838684,77.0,
2.1377177,-0.58838546,0.0814469,0.0,
2.1639714,-0.57733864,0.071738206,0.0,
2.1607385,-0.57491064,0.086804,0.0,
2.152534,-0.57491064,0.086804,57.0,
2.161421,-0.5710944,0.08303864,2.0,
2.1634123,-0.5694817,0.08498336,0.0,
2.1494124,-0.57409614,0.096708074,56.0,
2.1533742,-0.57435894,0.087180756,0.0,
2.165149,-0.5700977,0.079301424,0.0,
2.1607983,-0.57126,0.08367687,0.0,
2.151492,-0.5771549,0.08029532,79.0,
2.1428926,-0.5840872,0.070802115,0.0,
2.1390946,-0.58528244,0.07382192,0.0,
2.126394,-0.5938873,0.064786345,0.0,
2.1217952,-0.5938873,0.064786345,72.0,
2.1566908,-0.5778164,0.05841903,0.0,
2.0931907,-0.61201924,0.044400528,0.0,
2.0641942,-0.62055176,0.07081377,0.0,
2.0435822,-0.62186706,0.13647696,38.0,
2.03813,-0.6201045,0.18897834,0.0,
2.0198658,-0.6295436,0.21107222,0.0,
2.0962512,-0.5921138,0.14303282,79.0,
2.190174,-0.5531126,0.0809366,0.0,
2.2417336,-0.5221043,0.08167651,0.0,
2.2397592,-0.5126679,0.11059817,0.0,
2.2455,-0.5126679,0.11059817,75.0,
2.1906981,-0.5405756,0.13387415,0.0,
2.116877,-0.57894737,0.16616274,0.0,
2.1044188,-0.5856187,0.17135341,0.0,
2.1341796,-0.5731593,0.1423052,39.0,
2.1773129,-0.5560513,0.10800464,0.0,
2.2302554,-0.5311154,0.08667055,0.0,
2.115073,-0.5905685,0.110228494,97.0,
2.065308,-0.61070764,0.15384974,0.0,
2.0005584,-0.6439194,0.18350971,0.0,
1.9221557,-0.68643916,0.21097565,0.0,
1.9596529,-0.6659654,0.2029455,0.0,
2.0442414,-0.62054354,0.1715746,56.0,
2.0802495,-0.6043624,0.13983448,0.0,
2.0904236,-0.6043624,0.13983448,0.0,
2.1269243,-0.58800834,0.12133799,58.0,
2.1010594,-0.6020327,0.12058414,0.0,
2.055638,-0.6201612,0.16183628,0.0,
2.065579,-0.6098562,0.20521963,0.0,
2.0752258,-0.60668296,0.18296513,78.0,
2.0695145,-0.6132241,0.15683383,0.0,
2.069569,-0.61365485,0.15334988,0.0,
2.077365,-0.61004734,0.14888076,0.0,
2.0871646,-0.61004734,0.14888076,59.0,
2.1147635,-0.5952725,0.14759764,0.0,
2.1274414,-0.58825076,0.14737546,0.0,
2.1114836,-0.5985137,0.14001913,0.0,
2.1210258,-0.59662575,0.123920895,55.0,
2.152771,-0.5837248,0.10680562,0.0,
2.143781,-0.5914766,0.09471808,0.0,
2.1246138,-0.60070086,0.09677233,96.0,
2.141627,-0.5890779,0.10906184,0.0,
2.1277208,-0.5897179,0.13956888,0.0,
2.099624,-0.60322344,0.14951845,0.0,
2.0782468,-0.6171759,0.13330469,0.0,
2.1156962,-0.60111487,0.11577335,58.0,
2.1392872,-0.5928686,0.09842347,0.0,
2.147998,-0.5928686,0.09842347,0.0,
2.148815,-0.5902194,0.107220195,38.0,
2.121905,-0.6002218,0.12465112,0.0,
2.1127167,-0.60545856,0.122343525,0.0,
2.0847085,-0.6185115,0.12861459,97.0,
2.0701602,-0.6256125,0.12952457,0.0,
2.0864367,-0.6197457,0.11650874,0.0,
2.1147013,-0.6071714,0.109220855,0.0,
2.1087933,-0.60853136,0.117017746,0.0,
2.1176052,-0.60853136,0.117017746,58.0,
2.1230726,-0.60535854,0.1188527,0.0,
2.126977,-0.6038458,0.11662612,0.0,
2.1376407,-0.6023665,0.09967975,58.0,
2.0909777,-0.62490207,0.10010945,0.0,
2.1229155,-0.6048417,0.12163424,0.0,
2.1102083,-0.6102033,0.12731215,0.0,
2.1007607,-0.6242356,0.080707096,79.0,
2.1130285,-0.6222852,0.06444072,0.0,
2.1604588,-0.6069384,0.042123552,0.0,
2.153403,-0.6091331,0.045478918,0.0,
2.158212,-0.6091331,0.045478918,57.0,
2.1584256,-0.6034635,0.06516836,0.0,
2.174677,-0.5928327,0.07467445,0.0,
2.212862,-0.5796179,0.05617411,0.0,
2.2146306,-0.58063,0.050761066,60.0,
2.1584873,-0.6009814,0.07403169,0.0,
2.1254528,-0.6131377,0.089141354,0.0,
2.102096,-0.62435335,0.088393435,94.0,
2.077157,-0.6367324,0.083136,0.0,
2.0805721,-0.6357739,0.080064096,0.0,
2.1174629,-0.6247938,0.054949716,0.0,
2.1457653,-0.61372036,0.049136516,0.0,
2.1534848,-0.61372036,0.049136516,59.0,
2.1643348,-0.6069709,0.055283353,0.0,
2.1583824,-0.6071742,0.06460102,0.0,
2.1464622,-0.61440766,0.05851577,39.0,
2.1526718,-0.61304706,0.052937225,0.0,
2.1375833,-0.61534244,0.071020946,0.0,
2.128854,-0.61737597,0.07967884,96.0,
2.1357355,-0.61809355,0.06342499,0.0,
2.1253438,-0.6208071,0.07205949,0.0,
2.1063201,-0.6296428,0.07147799,0.0,
2.118201,-0.62635255,0.06221916,0.0,
2.1259065,-0.62635255,0.06221916,58.0,
2.1232336,-0.6261226,0.06845925,0.0,
2.1299243,-0.6237406,0.06547398,0.0,
2.1295867,-0.6235685,0.06685158,56.0,
2.1293674,-0.6204939,0.08041158,0.0,
2.1365802,-0.6156223,0.08635467,0.0,
2.135338,-0.6194099,0.072990686,0.0,
2.148834,-0.6165815,0.059081968,100.0,
2.1501234,-0.61366403,0.06791158,0.0,
2.154514,-0.60876155,0.0785728,0.0,
2.147263,-0.6133338,0.074531004,0.0,
2.146631,-0.61529845,0.06801525,0.0,
2.1548572,-0.61260223,0.06340334,36.0,
2.1557262,-0.61260223,0.06340334,1.0,
2.1670513,-0.60651207,0.06534278,59.0,
2.1673594,-0.6024419,0.07977708,0.0,
2.1687405,-0.59969616,0.087368935,0.0,
2.1757212,-0.5989596,0.07674392,0.0,
2.1811218,-0.6002207,0.06268271,95.0,
2.160677,-0.60843986,0.06995521,0.0,
2.1396873,-0.6167841,0.07812395,0.0,
2.1366541,-0.61787695,0.07983085,0.0,
2.1423898,-0.6154852,0.07798043,0.0,
2.1462984,-0.61292756,0.0805274,56.0,
2.1394622,-0.61292756,0.0805274,0.0,
2.1488605,-0.60697424,0.08529286,0.0,
2.161825,-0.60185456,0.078664675,38.0,
2.1624315,-0.60197735,0.07696168,0.0,
2.175162,-0.5956717,0.07553123,0.0,
2.1720433,-0.59731835,0.07553363,97.0,
2.1590183,-0.6014542,0.08605892,0.0,
2.144649,-0.608818,0.086759835,0.0,
2.1412034,-0.6127144,0.07763827,0.0,
2.1582115,-0.6087942,0.059027106,0.0,
2.151468,-0.6087942,0.059027106,57.0,
2.1553473,-0.60696477,0.058481403,0.0,
2.1356945,-0.6149215,0.06672579,0.0,
2.1337829,-0.6118677,0.08491957,43.0,
2.1298802,-0.6092968,0.10723577,0.0,
2.1493766,-0.60043377,0.09873102,0.0,
2.1616645,-0.6012757,0.06800033,111.0,
2.1855903,-0.59295124,0.052646287,0.0,
2.1720405,-0.59740347,0.06206115,0.0,
2.160543,-0.5990618,0.07907883,0.0,
2.159035,-0.5959092,0.09526394,0.0,
2.1438453,-0.6040362,0.09616933,0.0,
2.1404862,-0.60893244,0.08231116,38.0,
2.138199,-0.60893244,0.08231116,0.0,
2.1396613,-0.60931426,0.07705943,59.0,
2.1346743,-0.6100101,0.08603673,0.0,
2.138073,-0.60946685,0.08017282,0.0,
2.1375227,-0.61245924,0.06797305,0.0,
2.1343253,-0.61441356,0.06657248,94.0,
2.1497788,-0.60572076,0.06950816,0.0,
2.1871161,-0.5895111,0.055541437,0.0,
2.1921468,-0.58912385,0.04767508,0.0,
2.1754549,-0.5955098,0.056391545,0.0,
2.161353,-0.5998056,0.068602555,58.0,
2.1568308,-0.5998056,0.068602555,0.0,
2.148198,-0.60516393,0.0654121,0.0,
2.1405513,-0.60873324,0.067331955,38.0,
2.1466756,-0.60533994,0.06808444,0.0,
2.1422648,-0.6083567,0.06505615,0.0,
2.148668,-0.6061906,0.06005678,117.0,
2.1565285,-0.60097003,0.06451924,0.0,
2.1577258,-0.60157627,0.05952395,0.0,
2.1584563,-0.6005135,0.062230673,0.0,
2.1838915,-0.58262324,0.07713603,0.0,
2.1565435,-0.5917999,0.10313296,0.0,
2.1531985,-0.5917999,0.10313296,40.0,
2.1842563,-0.57243013,0.10702617,0.0,
2.1642818,-0.5924013,0.074349366,41.0,
2.160791,-0.6022633,0.043171536,0.0,
2.16833,-0.59117335,0.07042094,0.0,
2.1330817,-0.6033801,0.102442615,111.0,
2.1064224,-0.6191355,0.09606427,0.0,
2.1220841,-0.615299,0.07279178,0.0,
2.1514084,-0.60226005,0.06253466,0.0,
2.1469283,-0.6039688,0.06527359,0.0,
2.1434326,-0.60812354,0.055357575,0.0,
2.1870198,-0.58073163,0.07046066,39.0,
2.1818607,-0.58073163,0.07046066,0.0,
2.2169368,-0.562432,0.06441656,58.0,
2.2595367,-0.54505575,0.042448815,0.0,
2.2400582,-0.5540059,0.049412724,0.0,
2.2097096,-0.5753915,0.0372113,0.0,
2.2266302,-0.56709075,0.034264266,96.0,
2.2295969,-0.5603858,0.04863225,0.0,
2.2204227,-0.55346227,0.085669324,0.0,
2.0997007,-0.6134739,0.13542883,0.0,
1.9999118,-0.66604376,0.17115432,0.0,
1.9925758,-0.66604376,0.17115432,36.0,
1.9063625,-0.70807105,0.10571313,0.0,
2.0785189,-0.6337182,0.054024152,0.0,
2.1792717,-0.57772934,0.07337129,61.0,
2.1498015,-0.58868146,0.09574896,0.0,
2.1547215,-0.5858511,0.09591891,0.0,
2.1410003,-0.5961508,0.08437291,114.0,
2.1579363,-0.58732456,0.08229814,0.0,
2.1903815,-0.57314503,0.06747488,0.0,
2.2190795,-0.55278325,0.07896437,0.0,
2.1900413,-0.5623202,0.106266856,0.0,
2.1535172,-0.580284,0.123366125,0.0,
2.1080153,-0.6068389,0.123110026,37.0,
2.1067264,-0.6068389,0.123110026,0.0,
2.057608,-0.6342289,0.11627995,39.0,
2.0622435,-0.6321128,0.113944195,0.0,
2.0755286,-0.62465805,0.1176439,0.0,
2.0740585,-0.6269108,0.10704278,116.0,
2.069172,-0.63048434,0.09947785,0.0,
2.0796816,-0.63005584,0.068555325,0.0,
2.0982535,-0.6202487,0.0727146,0.0,
2.1413367,-0.6003462,0.06378901,0.0,
2.1903527,-0.5762621,0.056717094,0.0,
2.1904056,-0.5762621,0.056717094,37.0,
2.1555738,-0.5935813,0.06114205,0.0,
2.1271298,-0.6029478,0.08485104,59.0,
2.1231833,-0.6022293,0.09851473,0.0,
2.1366644,-0.58877426,0.12751813,0.0,
2.1588163,-0.5794498,0.11101113,0.0,
2.1743314,-0.5776507,0.08301358,118.0,
2.2263114,-0.5641565,0.03402223,0.0,
2.275924,-0.54437554,0.014163141,0.0,
2.2352953,-0.5587581,0.035240784,0.0,
2.2606635,-0.5479908,0.026194409,0.0,
2.2398772,-0.54102397,0.076548405,0.0,
2.2291155,-0.54102397,0.076548405,16.0,
2.2434378,-0.5348485,0.06939487,60.0,
2.294659,-0.5109542,0.04930518,0.0,
2.2908084,-0.53249097,0.007554446,0.0,
2.3035123,-0.53327125,-0.009301723,0.0,
2.2899783,-0.53052604,0.012848474,114.0,
2.2577078,-0.53930265,0.035985578,0.0,
2.2439208,-0.5391965,0.05702036,0.0,
2.229103,-0.53970855,0.080343105,0.0,
2.2359827,-0.5295586,0.096994,0.0,
2.225306,-0.5291369,0.11884358,0.0,
2.2103007,-0.5291369,0.11884358,38.0,
2.1633606,-0.54604304,0.1700811,0.0,
2.18855,-0.52467555,0.18638597,38.0,
2.2294576,-0.5117312,0.13296393,0.0,
2.228801,-0.5242963,0.09764379,0.0,
2.17496,-0.55855304,0.092562854,117.0,
2.1450462,-0.5724076,0.10526542,0.0,
2.1062498,-0.5914447,0.118116826,0.0,
2.0802221,-0.6052117,0.12063941,0.0,
2.1116507,-0.59169614,0.101408206,0.0,
2.1364646,-0.5818537,0.085302554,0.0,
2.1552963,-0.5701061,0.09113355,38.0,
2.1485937,-0.5701061,0.09113355,0.0,
2.1647,-0.5629395,0.08459631,38.0,
2.1707146,-0.5633672,0.07136548,0.0,
2.2267458,-0.53418577,0.06416836,0.0,
2.3181288,-0.48422632,0.04815443,136.0,
2.394662,-0.44282207,0.026429074,0.0,
2.3369029,-0.48825386,0.017355977,0.0,
2.2627056,-0.52505827,0.034425627,0.0,
2.0488627,-0.6213222,0.09180491,0.0,
1.9852432,-0.649114,0.121356614,0.0,
2.025705,-0.6346094,0.07338226,0.0,
2.0229926,-0.6346094,0.07338226,19.0,
2.1041808,-0.60051775,0.05318725,58.0,
2.1133313,-0.5940223,0.062561475,0.0,
2.1054,-0.5939781,0.08104584,0.0,
2.0917947,-0.59638876,0.104756944,0.0,
2.0087013,-0.63771904,0.10628607,116.0,
1.9530709,-0.6658378,0.06147462,0.0,
2.041199,-0.63330984,0.027684953,0.0,
2.0797164,-0.60951895,0.06599308,0.0,
2.1061563,-0.5901626,0.09785738,0.0,
2.1269927,-0.5815538,0.086829305,0.0,
2.1299136,-0.5815538,0.086829305,38.0,
2.1421733,-0.5836557,0.05271713,0.0,
2.1549199,-0.58147085,0.03760481,38.0,
2.1962187,-0.56303596,0.030378127,0.0,
2.2147105,-0.5520617,0.034165252,0.0,
2.2224002,-0.5527006,0.021394087,136.0,
2.223933,-0.5515133,0.022418575,0.0,
2.2149875,-0.55436456,0.027388958,0.0,
2.2050502,-0.5624223,0.01915305,0.0,
2.1861703,-0.57207036,0.018365746,0.0,
2.1853728,-0.5704129,0.024620041,0.0,
2.188869,-0.5627278,0.04281987,0.0,
2.1826718,-0.5627278,0.04281987,19.0,
2.217355,-0.5439304,0.043351453,39.0,
2.2047484,-0.5519505,0.040069837,0.0,
2.1779675,-0.5704088,0.026077297,0.0,
2.1713479,-0.57456064,0.023240346,135.0,
2.1521952,-0.5748742,0.05520108,0.0,
2.2140856,-0.5429822,0.05111469,0.0,
2.3098822,-0.5033395,0.01353995,0.0,
2.3059022,-0.5079349,0.00915802,0.0,
2.279226,-0.5253642,0.0048719216,0.0,
2.1107144,-0.60075426,0.032630872,0.0,
2.0962286,-0.60075426,0.032630872,18.0,
2.085716,-0.5970099,0.07631926,58.0,
2.0895407,-0.59684473,0.067130364,0.0,
2.1334875,-0.575649,0.0623008,0.0,
2.1618326,-0.55965936,0.06582824,0.0,
2.1698024,-0.55768204,0.057630766,116.0,
2.202454,-0.5425002,0.04895614,0.0,
2.14511,-0.57450426,0.04366913,0.0,
2.0984952,-0.59495825,0.054710254,0.0,
2.1307597,-0.5806989,0.047562663,0.0,
2.1783118,-0.5497989,0.0684141,0.0,
2.1665592,-0.5497989,0.0684141,19.0,
2.221332,-0.5304661,0.03413442,0.0,
2.251362,-0.5301843,-0.0061469395,57.0,
2.19525,-0.5528037,0.0107176015,0.0,
2.171451,-0.557117,0.03488807,0.0,
2.1942842,-0.545675,0.033037446,136.0,
2.247171,-0.5236497,0.0147369215,0.0,
2.2811522,-0.513489,-0.00532412,0.0,
2.2694318,-0.5254636,-0.017231664,0.0,
2.2155876,-0.5456352,0.0018828362,0.0,
2.1598155,-0.5690247,0.014945461,0.0,
2.220876,-0.5404582,0.008298694,0.0,
2.2150586,-0.5404582,0.008298694,19.0,
2.0843894,-0.5815899,0.12237118,38.0,
2.1268096,-0.5733347,0.050307993,0.0,
2.13965,-0.5727981,0.027300563,0.0,
2.2445416,-0.53342944,-0.013076531,135.0,
2.2553372,-0.5083381,0.03214873,0.0,
2.255054,-0.5113002,0.025525142,0.0,
2.198422,-0.5474303,0.013123631,0.0,
2.2089238,-0.5521462,-0.014654973,0.0,
2.1858492,-0.5575998,0.0020844487,0.0,
2.2216384,-0.53432435,0.015251485,0.0,
2.2185059,-0.53432435,0.015251485,19.0,
2.2483296,-0.5058645,0.043739643,58.0,
2.292679,-0.47816682,0.04156889,0.0,
2.2570922,-0.5122871,0.015418525,0.0,
2.2304752,-0.53924376,-0.014244707,0.0,
2.2166905,-0.54928046,-0.021948565,116.0,
2.210811,-0.5494865,-0.014670482,0.0,
2.179549,-0.5545216,0.017122703,0.0,
2.1734226,-0.5496724,0.043366384,0.0,
2.1394157,-0.57289195,0.02418947,0.0,
2.151941,-0.56841874,0.017716546,0.0,
2.143164,-0.56841874,0.017716546,18.0,
2.1438684,-0.5598405,0.048771318,0.0,
2.1323493,-0.5675143,0.04282617,61.0,
2.1100175,-0.5856054,0.01429807,0.0,
2.1093047,-0.5804621,0.038447104,0.0,
2.0896862,-0.5835492,0.07374476,133.0,
2.1880128,-0.522675,0.089142606,0.0,
2.17876,-0.5363389,0.062228877,0.0,
2.156321,-0.553554,0.04676559,0.0,
2.1296134,-0.56542903,0.057525028,0.0,
2.1189184,-0.56971055,0.06423311,0.0,
2.1285503,-0.5627882,0.07138637,0.0,
2.1167579,-0.5627882,0.07138637,18.0,
2.155049,-0.54147226,0.06936772,39.0,
2.2162082,-0.5034809,0.07088267,0.0,
2.2262218,-0.497122,0.07043168,0.0,
2.2510645,-0.49298233,0.039516672,137.0,
2.2812383,-0.47765908,0.029700687,0.0,
2.2955084,-0.477395,0.010591784,0.0,
2.2969472,-0.4792374,0.0049492475,0.0,
2.2898734,-0.48234025,0.007851438,0.0,
2.2566245,-0.50189716,0.010042607,0.0,
2.2282865,-0.5247042,-0.005851776,0.0,
2.206558,-0.5247042,-0.005851776,18.0,
2.1415806,-0.55134946,0.016325455,39.0,
2.0420582,-0.5895436,0.078737445,0.0,
2.0909688,-0.55541104,0.12352282,0.0,
2.0414357,-0.5873657,0.09795771,156.0,
2.0161831,-0.6063493,0.04770839,0.0,
2.0892572,-0.57359064,0.032833014,0.0,
2.1372993,-0.545664,0.04565576,0.0,
2.1694336,-0.5216638,0.06621365,0.0,
2.1615403,-0.5216638,0.06621365,0.0,
2.1727061,-0.51461184,0.067542545,0.0,
2.0279603,-0.59524655,0.055450268,0.0,
2.0694582,-0.5762789,0.046264797,0.0,
2.1064055,-0.55873483,0.040462803,56.0,
2.0879004,-0.564548,0.058207314,0.0,
2.1516953,-0.53068686,0.054468278,0.0,
2.1792054,-0.51671404,0.04831037,136.0,
2.144404,-0.5380314,0.042603742,0.0,
2.1116557,-0.56480664,0.004431162,0.0,
2.0759428,-0.58669066,-0.019636268,0.0,
2.0755653,-0.58596975,-0.015643245,0.0,
2.1512802,-0.546371,0.0011536415,0.0,
2.0978506,-0.56173885,0.04680989,0.0,
2.0929158,-0.56173885,0.04680989,18.0,
2.0846746,-0.572132,0.017357443,39.0,
2.122688,-0.5615413,-0.012733431,0.0,
2.1253424,-0.56138766,-0.016654996,0.0,
2.1340108,-0.55722225,-0.016214035,135.0,
2.0983732,-0.5689147,0.0029355262,0.0,
2.054264,-0.58434004,0.028852219,0.0,
2.0511475,-0.58646625,0.025104148,0.0,
2.0927458,-0.5663178,0.026046589,0.0,
2.1745431,-0.51755476,0.045492146,0.0,
2.194384,-0.5097497,0.034312293,0.0,
2.1849148,-0.5097497,0.034312293,19.0,
2.1220212,-0.5503925,0.011622662,39.0,
2.0879564,-0.57310075,-0.014677891,0.0,
2.0760977,-0.573526,0.007990334,0.0,
2.1207254,-0.5327607,0.08667837,154.0,
2.2327862,-0.45339388,0.10492874,0.0,
2.3068926,-0.44183698,0.013564894,0.0,
2.2251291,-0.49761474,0.003949853,0.0,
1.9977543,-0.60861486,0.00881663,0.0,
2.0999591,-0.56052154,0.014955593,0.0,
2.0502148,-0.57627666,0.0626835,0.0,
2.0064867,-0.5974441,0.07051485,0.0,
1.9994991,-0.5974441,0.07051485,0.0,
1.9913267,-0.60470396,0.037770223,57.0,
2.1145644,-0.5414244,0.04875647,0.0,
2.1368825,-0.5233667,0.070780255,0.0,
2.126464,-0.52868754,0.07390879,137.0,
2.1406808,-0.52310944,0.063246615,0.0,
2.1621463,-0.5214807,0.026433691,0.0,
2.1885502,-0.51614887,-9.706031E-4,0.0,
2.1827843,-0.51614887,-9.706031E-4,0.0,
2.1841264,-0.5128865,0.0063402653,0.0,
2.1568847,-0.5223975,0.0224261,0.0,
2.1222575,-0.5390953,0.028518872,0.0,
2.088784,-0.5588859,0.016526671,57.0,
2.0865812,-0.562733,0.0042035994,0.0,
2.1006753,-0.5536013,0.014237894,0.0,
2.1143358,-0.5453946,0.01986291,155.0,
2.1206813,-0.5424762,0.018667916,0.0,
2.1264565,-0.5408808,0.013624175,0.0,
2.1331034,-0.5354389,0.021019341,0.0,
2.1425316,-0.53058916,0.020674195,0.0,
2.1311767,-0.53058916,0.020674195,0.0,
2.133742,-0.53211683,0.010526877,0.0,
2.121746,-0.5374792,0.013177446,0.0,
2.1277955,-0.5395136,-0.0050542266,0.0,
2.1372428,-0.5386782,-0.01781047,37.0,
2.136588,-0.5278279,0.020423949,0.0,
2.089461,-0.5400683,0.07497333,156.0,
2.0428853,-0.5655073,0.07372261,0.0,
1.9542727,-0.6113591,0.05171798,0.0,
2.2017543,-0.50708765,-0.019765483,0.0,
2.1102548,-0.54421455,0.0093906615,0.0,
2.0975,-0.54421455,0.0093906615,0.0,
2.1153035,-0.5240182,0.053881343,0.0,
2.1764596,-0.4832659,0.07007207,0.0,
2.2546263,-0.43621773,0.057445128,0.0,
2.206726,-0.48356426,0.016879454,57.0,
2.1392956,-0.5285052,-0.008524513,0.0,
2.0949316,-0.54573476,0.008296882,0.0,
2.0902667,-0.54356855,0.02743269,136.0,
2.1247656,-0.52182555,0.04197356,0.0,
2.1830795,-0.49176514,0.03235835,0.0,
2.187348,-0.49450594,0.017464004,0.0,
2.1782305,-0.49450594,0.017464004,0.0,
2.1822164,-0.49876925,-0.0010996179,0.0,
2.1859775,-0.49795362,-0.0045357486,0.0,
2.15504,-0.50957066,0.010592328,0.0,
2.1276407,-0.5225293,0.015992017,60.0,
2.0282524,-0.569022,0.031711437,0.0,
2.0065129,-0.5785193,0.038329694,0.0,
2.0345914,-0.57075965,0.003249092,154.0,
2.0379744,-0.57075965,0.003249092,0.0,
2.0835714,-0.55567944,-0.02576539,0.0,
2.0670016,-0.5674814,-0.045071166,0.0,
2.0180845,-0.5901659,-0.058341406,0.0,
1.9873006,-0.6005101,-0.048089653,0.0,
1.8782682,-0.6406772,-0.03742479,0.0,
1.4606721,-0.7801491,-0.045510568,0.0,
1.7933031,-0.6722627,-0.011438154,0.0,
1.897808,-0.63080585,0.06041575,37.0,
1.871576,-0.64240015,2.9667286E-4,0.0,
1.8854779,-0.64240015,2.9667286E-4,155.0,
1.8775387,-0.6467279,-0.047757458,0.0,
1.8168265,-0.66804814,-0.054497723,0.0,
1.9980953,-0.59745747,-0.021187266,0.0,
2.079685,-0.55610216,0.0025960715,0.0,
2.025537,-0.57548547,0.04664422,0.0,
2.0707862,-0.55305195,0.04029242,0.0,
2.1247785,-0.5372769,-0.011896266,0.0,
2.0720215,-0.5723651,-0.054546792,0.0,
1.9474572,-0.6180596,-0.016983101,38.0,
1.9522387,-0.61274666,0.025406372,0.0,
2.0288036,-0.57194895,0.06068084,154.0,
2.0479052,-0.57194895,0.06068084,0.0,
1.9744021,-0.609292,0.058731154,0.0,
2.0087826,-0.58947295,0.08694986,0.0,
1.922411,-0.63444674,0.040035844,0.0,
1.8882935,-0.64961094,0.015243204,0.0,
1.8630061,-0.66012555,-0.03629126,0.0,
1.991013,-0.60385,0.030919781,0.0,
2.0203652,-0.5795017,0.12648086,19.0,
2.0050611,-0.5861036,0.16642243,0.0,
1.9813911,-0.6004918,0.16943376,38.0,
1.9762566,-0.60424244,0.13799948,0.0,
1.9785554,-0.6046711,0.09823406,155.0,
1.9930239,-0.6046711,0.09823406,0.0,
2.0046675,-0.59917885,0.09065531,0.0,
2.0269248,-0.5869385,0.094904505,0.0,
2.026382,-0.5859673,0.10684985,0.0,
2.0097406,-0.5944392,0.11463418,0.0,
1.9906187,-0.60376567,0.13515495,0.0,
2.0120368,-0.59151727,0.13617574,0.0,
2.0608366,-0.5639546,0.12585595,0.0,
2.1308305,-0.5282258,0.09049119,38.0,
2.1639833,-0.51771533,0.054801427,0.0,
2.1528175,-0.52209604,0.0626704,156.0,
2.1353118,-0.5266787,0.08554891,0.0,
2.1133118,-0.5417897,0.0764882,0.0,
2.1086328,-0.54648805,0.067170404,0.0,
2.1293347,-0.5332017,0.0732902,0.0,
2.1438994,-0.5332017,0.0732902,0.0,
2.168796,-0.51081383,0.099791296,0.0,
2.132465,-0.5269978,0.12856403,0.0,
2.0957348,-0.55102265,0.12321947,39.0,
2.061438,-0.573669,0.10678052,0.0,
2.0497146,-0.58469933,0.07442843,0.0,
2.069887,-0.58469933,0.07442843,154.0,
2.113546,-0.5733567,0.025084648,0.0,
2.1456792,-0.55876964,0.020765876,0.0,
2.1391525,-0.5444925,0.08733361,0.0,
2.142474,-0.52342385,0.16910715,0.0,
2.1684775,-0.5001102,0.19010507,0.0,
2.1673632,-0.5005396,0.19175899,0.0,
2.146211,-0.5158381,0.19247891,0.0,
2.1352909,-0.5265372,0.17780271,19.0,
2.1463342,-0.5185892,0.17912942,0.0,
2.1799595,-0.49776676,0.16637744,38.0,
2.2004454,-0.48617047,0.15496704,0.0,
2.2146666,-0.48617047,0.15496704,137.0,
2.2004905,-0.49268937,0.16650575,0.0,
2.1937919,-0.49124247,0.18804556,0.0,
2.1983056,-0.49029043,0.17984065,0.0,
2.1842434,-0.5037459,0.16804472,0.0,
2.197722,-0.49510333,0.16505305,0.0,
2.183073,-0.50098807,0.18107542,0.0,
2.2089658,-0.50382346,0.113548696,0.0,
2.2532766,-0.4767164,0.10655918,18.0,
2.3200173,-0.45436537,0.055059854,38.0,
2.2805896,-0.47242528,0.07326442,0.0,
2.2973793,-0.4482562,0.09949129,155.0,
2.3103988,-0.4482562,0.09949129,0.0,
2.3419833,-0.42394885,0.10012418,0.0,
2.3425243,-0.42040363,0.10566421,0.0,
2.3369675,-0.43947428,0.079208836,0.0,
2.3695495,-0.43100548,0.052671187,0.0,
2.3394067,-0.4348955,0.084154084,0.0,
2.3042784,-0.45840362,0.088002585,0.0,
2.3373532,-0.48923457,-0.009145482,19.0,
2.3224316,-0.4939841,-0.0022167386,0.0,
2.324171,-0.4634928,0.051803414,19.0,
2.30221,-0.44735998,0.11350507,155.0,
2.307307,-0.44735998,0.11350507,0.0,
2.2381973,-0.4639371,0.18951896,0.0,
2.2500033,-0.44741553,0.20925885,0.0,
2.2837274,-0.43802717,0.1690501,0.0,
2.2980661,-0.4470648,0.12732355,0.0,
2.2849593,-0.46413246,0.11088216,0.0,
2.2686338,-0.4746686,0.11159297,0.0,
2.2749448,-0.4632274,0.127624,19.0,
2.2708838,-0.45591587,0.15047783,0.0,
2.2886038,-0.44458053,0.14690836,38.0,
2.2944822,-0.4449128,0.13710506,0.0,
2.2897213,-0.4449128,0.13710506,135.0,
2.2909636,-0.45569235,0.11361611,0.0,
2.302553,-0.4563196,0.09758813,0.0,
2.26846,-0.46383816,0.12736596,0.0,
2.2378433,-0.46369287,0.17579012,0.0,
2.239997,-0.463494,0.1725632,0.0,
2.2900066,-0.445851,0.13479272,0.0,
2.3172224,-0.4376802,0.11414808,0.0,
2.3083785,-0.44112355,0.11915307,19.0,
2.3057995,-0.4599374,0.08676393,40.0,
2.2822046,-0.49100536,0.053463213,0.0,
2.2687893,-0.49100536,0.053463213,153.0,
2.2536957,-0.49453214,0.06262755,0.0,
2.264992,-0.47530127,0.09022822,0.0,
2.274163,-0.46145815,0.107657135,0.0,
2.2681572,-0.46587196,0.10609721,0.0,
2.2661314,-0.4654595,0.10955752,0.0,
2.2426493,-0.4731334,0.12409318,0.0,
2.2212942,-0.47923896,0.14062512,0.0,
2.2395444,-0.4767891,0.11993082,19.0,
2.2478287,-0.481348,0.098490015,0.0,
2.2714207,-0.46510231,0.10358328,19.0,
2.263408,-0.46510231,0.10358328,158.0,
2.2609892,-0.45091388,0.13668227,0.0,
2.2455668,-0.46080905,0.13610278,0.0,
2.2578921,-0.45426437,0.13366961,0.0,
2.2880917,-0.45111918,0.1020794,0.0,
2.273024,-0.45994607,0.10254356,0.0,
2.2079375,-0.4819735,0.13934359,0.0,
2.1662915,-0.49506867,0.17136708,0.0,
2.1899667,-0.4790807,0.17657188,18.0,
2.1937578,-0.47761923,0.17406876,0.0,
2.1629024,-0.5088016,0.13458829,39.0,
2.1603358,-0.51429653,0.12192011,0.0,
2.168484,-0.51429653,0.12192011,134.0,
2.1280262,-0.5332783,0.12725934,0.0,
2.0884438,-0.55461884,0.118447915,0.0,
2.0901515,-0.5583026,0.10022887,0.0,
2.0464177,-0.57590115,0.10686218,0.0,
2.0043445,-0.5978642,0.08002163,0.0,
2.016813,-0.59692895,0.059029955,0.0,
2.0792272,-0.5714995,0.066007726,40.0,
2.146825,-0.5415578,0.071220025,0.0,
2.1503851,-0.5374516,0.07884676,0.0,
2.0882359,-0.5570008,0.108989246,20.0,
2.0890243,-0.5570008,0.108989246,153.0,
2.1021407,-0.5424065,0.14318092,0.0,
2.2024136,-0.4964671,0.12062081,0.0,
2.2409089,-0.4924006,0.08001087,0.0,
2.2226331,-0.5127252,0.054688107,0.0,
2.154975,-0.54743564,0.04324665,0.0,
2.156,-0.5508395,0.03229995,0.0,
2.1578922,-0.5445706,0.047946125,0.0,
2.141973,-0.53995734,0.083064005,19.0,
2.1722836,-0.5230892,0.0906174,0.0,
2.2333493,-0.49040267,0.09377659,18.0,
2.2066941,-0.5165777,0.063753,154.0,
2.24633,-0.51583314,0.023307307,0.0,
2.2176266,-0.52491665,0.031730473,0.0,
2.181004,-0.530508,0.0587499,0.0,
2.1852734,-0.5239084,0.07111022,0.0,
2.1638207,-0.5231289,0.102693625,0.0,
2.1296797,-0.5306525,0.13444595,0.0,
2.135523,-0.5306525,0.13444595,0.0,
2.191409,-0.5048374,0.12048245,19.0,
2.252011,-0.49176705,0.07111742,0.0,
2.2763875,-0.4937863,0.0401659,21.0,
2.2965114,-0.4937863,0.0401659,153.0,
2.333389,-0.48991033,0.010049725,0.0,
2.3151941,-0.5120385,-0.0120181525,0.0,
2.131035,-0.6032578,-0.052371982,0.0,
2.0949707,-0.6117203,-0.042452224,0.0,
2.150797,-0.5871513,-0.024812948,0.0,
1.4197265,-0.76906204,-0.10318926,0.0,
2.0465362,-0.6604542,-0.16787702,0.0,
1.9845978,-0.64454013,-0.040792283,39.0,
2.0927582,-0.5946387,0.022538966,0.0,
2.071393,-0.60104436,0.03007606,0.0,
1.9813098,-0.64607435,-0.044161443,18.0,
1.6726371,-0.725258,-0.03634058,155.0,
1.8475124,-0.6786859,0.033351842,0.0,
2.0515087,-0.6059631,0.04282408,0.0,
2.1563478,-0.56660765,0.02968062,0.0,
2.2342987,-0.5590249,-0.033875607,0.0,
2.2210846,-0.5744014,-0.05706218,0.0,
2.0926976,-0.6075661,-0.025284301,0.0,
2.1240368,-0.6075661,-0.025284301,0.0,
2.1808052,-0.56895745,0.022654993,20.0,
2.2229414,-0.54424095,0.034966175,0.0,
2.2237167,-0.5563141,0.0037525261,18.0,
2.262608,-0.5513906,-0.02577567,155.0,
2.2200396,-0.55946046,1.37055E-4,0.0,
2.2304237,-0.5457049,0.021987092,0.0,
2.2383175,-0.5457049,0.021987092,0.0,
2.2766645,-0.52500075,0.022268735,0.0,
2.269228,-0.5253084,0.030769648,0.0,
2.2849116,-0.5226227,0.017522313,0.0,
2.280087,-0.5317831,0.0036645299,0.0,
2.2596161,-0.5364098,0.017485568,41.0,
2.246775,-0.5412229,0.022139668,0.0,
2.2308197,-0.54397225,0.036276206,0.0,
2.2183807,-0.54987246,0.038004197,152.0,
2.2301762,-0.54987246,0.038004197,0.0,
2.2244816,-0.559689,0.019879036,0.0,
2.1887035,-0.58184934,0.007394976,0.0,
2.16857,-0.58473134,0.028874418,0.0,
2.170224,-0.56893885,0.080523886,0.0,
2.169059,-0.5694874,0.08085763,0.0,
2.1857464,-0.56947947,0.050378423,0.0,
2.2106686,-0.561645,0.03442369,38.0,
2.2326748,-0.55812234,0.012848472,0.0,
2.2343462,-0.56292367,-0.0015939407,0.0,
2.214084,-0.5615929,0.029498037,19.0,
2.2284818,-0.5615929,0.029498037,136.0,
2.2002194,-0.5721658,0.044285696,0.0,
2.1974404,-0.5774381,0.032359704,0.0,
2.2169945,-0.57494074,0.009233542,0.0,
2.1727128,-0.60923654,-0.030663677,0.0,
2.1858606,-0.5997523,-0.019345673,0.0,
2.1629322,-0.5989778,0.018942941,0.0,
2.2070704,-0.5686527,0.043489877,0.0,
2.2579675,-0.5448445,0.029490365,38.0,
2.2667198,-0.5443268,0.018320031,0.0,
2.278514,-0.5418231,0.008280902,18.0,
2.2703466,-0.5418231,0.008280902,155.0,
2.261018,-0.54386055,0.016313754,0.0,
2.2544475,-0.54621476,0.019876394,0.0,
2.2601948,-0.54573905,0.012867383,0.0,
2.2650661,-0.5379183,0.025041293,0.0,
2.2612224,-0.53937495,0.027067794,0.0,
2.2500703,-0.5433758,0.03364727,0.0,
2.23191,-0.5499529,0.044743955,0.0,
2.2436001,-0.541315,0.049325615,40.0,
2.2657418,-0.5332615,0.035429973,0.0,
2.266451,-0.54369676,0.00914446,0.0,
2.2989013,-0.5191573,0.0207071,153.0,
2.2911472,-0.5191573,0.0207071,0.0,
2.2495008,-0.5214866,0.08015784,0.0,
2.196116,-0.5460118,0.112151854,0.0,
2.2559962,-0.51677465,0.08117433,0.0,
2.2630453,-0.52014464,0.060474776,0.0,
2.2495873,-0.5342532,0.046045866,0.0,
2.2596471,-0.5230403,0.05869926,0.0,
2.2473466,-0.5253457,0.07353103,38.0,
2.2466702,-0.5233969,0.080046095,0.0,
2.268412,-0.5195149,0.05340027,0.0,
2.296712,-0.5113764,0.030041963,19.0,
2.3193204,-0.49113715,0.040838465,135.0,
2.3154368,-0.49113715,0.040838465,0.0,
2.2994733,-0.49577442,0.053995565,0.0,
2.2743707,-0.50175774,0.07973066,0.0,
2.2431066,-0.51687944,0.095757715,0.0,
2.2343743,-0.5262907,0.08549657,0.0,
2.2571177,-0.5138043,0.078827776,0.0,
2.2589722,-0.5097398,0.08612204,41.0,
2.260574,-0.5052763,0.09483384,0.0,
2.2689683,-0.4992946,0.09509924,0.0,
2.2568727,-0.508154,0.094002515,17.0,
2.2545586,-0.50554335,0.1052078,154.0,
2.2384715,-0.50554335,0.1052078,0.0,
2.2475226,-0.502346,0.09766532,0.0,
2.254357,-0.50236577,0.086045325,0.0,
2.26617,-0.493641,0.088170364,0.0,
2.274103,-0.49001914,0.08403841,0.0,
2.270327,-0.4962355,0.075403504,0.0,
2.27028,-0.49543494,0.07735856,0.0,
2.250072,-0.50414586,0.088660926,39.0,
2.2505167,-0.5038457,0.08868312,0.0,
2.2786682,-0.4910339,0.07461332,0.0,
2.2660148,-0.4910339,0.07461332,154.0,
2.2910256,-0.48326638,0.05655339,0.0,
2.2894292,-0.48736018,0.050118666,0.0,
2.252481,-0.49807554,0.07824716,0.0,
2.2241955,-0.50714916,0.10078659,0.0,
2.2304628,-0.5058027,0.09375062,0.0,
2.2481985,-0.5027919,0.07324892,0.0,
2.2651515,-0.49319407,0.070901655,0.0,
2.250396,-0.49761462,0.08257832,61.0,
2.2453728,-0.4919579,0.10482182,0.0,
2.2379832,-0.50117254,0.09344618,0.0,
2.2419698,-0.5022782,0.084172346,0.0,
2.2253547,-0.50902975,0.09364839,132.0,
2.2224836,-0.50902975,0.09364839,0.0,
2.225756,-0.50614154,0.096047305,0.0,
2.2253206,-0.50639886,0.09607266,0.0,
2.2213662,-0.5078614,0.09865611,0.0,
2.2301006,-0.50079954,0.10307785,0.0,
2.2387578,-0.49789628,0.09652378,0.0,
2.240373,-0.49974763,0.08930552,60.0,
2.2486098,-0.49575827,0.08652222,0.0,
2.2434044,-0.49723157,0.090884544,0.0,
2.2203002,-0.5069932,0.10281827,0.0,
2.216818,-0.50916654,0.10272897,19.0,
2.212085,-0.50916654,0.10272897,134.0,
2.2187078,-0.5091373,0.09212929,0.0,
2.2410932,-0.50145704,0.07806829,0.0,
2.2438788,-0.4998621,0.077935085,0.0,
2.2583272,-0.4887843,0.083415724,0.0,
2.249857,-0.48946488,0.09414036,0.0,
2.2370832,-0.49233678,0.10674194,0.0,
2.2298307,-0.5009057,0.09630246,40.0,
2.2389417,-0.5003108,0.08400324,0.0,
2.2324765,-0.5009356,0.09214001,0.0,
2.2288263,-0.49899173,0.10283701,19.0,
2.2186317,-0.49991986,0.117196076,136.0,
2.210309,-0.49991986,0.117196076,0.0,
2.1970558,-0.5085063,0.115195245,0.0,
2.2036898,-0.5097494,0.10080265,0.0,
2.1947622,-0.51377416,0.10382726,0.0,
2.1996226,-0.5052748,0.12013234,0.0,
2.1960924,-0.505636,0.12520504,0.0,
2.2149205,-0.49890554,0.1124238,38.0,
2.225214,-0.4993605,0.09528639,0.0,
2.2130888,-0.5056469,0.09726978,0.0,
2.2114275,-0.50161743,0.110731825,22.0,
2.2119203,-0.50161743,0.110731825,131.0,
2.2195895,-0.49682713,0.111505084,0.0,
2.2263713,-0.49331766,0.110190876,0.0,
2.2199204,-0.4938497,0.11874336,0.0,
2.218646,-0.4960809,0.11490571,0.0,
2.2014642,-0.5090423,0.10687441,0.0,
2.212651,-0.5013158,0.11040192,0.0,
2.2023735,-0.5065503,0.11233995,58.0,
2.2132668,-0.49946222,0.1143793,0.0,
2.2074113,-0.503151,0.11367215,0.0,
2.2064183,-0.50142133,0.12000005,0.0,
2.2131107,-0.49695343,0.12133897,20.0,
2.2193615,-0.49695343,0.12133897,116.0,
2.2279062,-0.49458572,0.114477105,0.0,
2.2275686,-0.49642724,0.11035942,0.0,
2.221425,-0.4988974,0.1131826,0.0,
2.197744,-0.5078711,0.12602581,0.0,
2.1951764,-0.5064554,0.1343727,0.0,
2.1875527,-0.5103822,0.13592753,0.0,
2.1857572,-0.50614667,0.15197708,57.0,
2.1885002,-0.50417864,0.15292668,0.0,
2.210696,-0.49916446,0.12912132,0.0,
2.224678,-0.49245784,0.12474977,22.0,
2.232624,-0.49245784,0.12474977,131.0,
2.225326,-0.49497774,0.12944216,0.0,
2.2118077,-0.50164104,0.1330955,0.0,
2.2031386,-0.5055505,0.13640586,0.0,
2.2097957,-0.5018873,0.13566576,0.0,
2.2189085,-0.49732673,0.13333087,0.0,
2.1936193,-0.5114912,0.13527392,0.0,
2.2075448,-0.506464,0.12676483,39.0,
2.2033787,-0.50840664,0.12804025,0.0,
2.193859,-0.512178,0.13287824,0.0,
2.1934195,-0.5098833,0.14030485,40.0,
2.1869807,-0.51487994,0.13653865,0.0,
2.1910548,-0.51351744,0.13366173,114.0,
2.2008865,-0.51351744,0.13366173,0.0,
2.2148378,-0.5053091,0.13397713,0.0,
2.2126758,-0.50724816,0.13216086,0.0,
2.2091422,-0.5081466,0.13532245,0.0,
2.2138658,-0.50742763,0.12981676,0.0,
2.2123473,-0.50725734,0.13265303,58.0,
2.2131653,-0.5071951,0.13153599,0.0,
2.2237487,-0.50171167,0.1296448,0.0,
2.2161,-0.504656,0.13374043,0.0,
2.2101178,-0.5108634,0.12637521,20.0,
2.21857,-0.5108634,0.12637521,116.0,
2.2264986,-0.50678736,0.12515706,0.0,
2.2342784,-0.5003482,0.12993024,0.0,
2.2215104,-0.50761247,0.13045594,0.0,
2.20855,-0.51234066,0.13785933,0.0,
2.2151315,-0.51047534,0.1326241,0.0,
2.2294898,-0.5034205,0.12929045,60.0,
2.2158072,-0.5116241,0.12853067,0.0,
2.211309,-0.5145996,0.12740555,0.0,
2.209597,-0.51473767,0.12965712,0.0,
2.2062325,-0.5164219,0.13025573,37.0,
2.1983018,-0.51722604,0.14067078,0.0,
2.2058449,-0.51722604,0.14067078,115.0,
2.1983325,-0.52422684,0.13283572,0.0,
2.2058034,-0.5229089,0.12499649,0.0,
2.2148476,-0.51831245,0.12390753,0.0,
2.2230468,-0.51141256,0.12987216,0.0,
2.2194004,-0.51307195,0.13097723,1.0,
2.217705,-0.5140348,0.13098398,38.0,
2.225113,-0.51104057,0.12778568,0.0,
2.2229383,-0.51282996,0.12636544,0.0,
2.2085311,-0.52144176,0.12490089,39.0,
2.2063417,-0.5223209,0.12579781,0.0,
2.2143059,-0.5223209,0.12579781,116.0,
2.2279766,-0.5150408,0.12491869,0.0,
2.21288,-0.5227377,0.12678728,0.0,
2.1963096,-0.5302664,0.13105215,0.0,
2.198907,-0.52915967,0.13018343,0.0,
2.1913629,-0.5318675,0.13419561,0.0,
2.210734,-0.5224055,0.13089179,41.0,
2.2080612,-0.52554125,0.12636134,0.0,
2.2003546,-0.5289175,0.12864402,0.0,
2.20594,-0.52433985,0.13287754,35.0,
2.209358,-0.52254504,0.13259602,0.0,
2.212326,-0.52285814,0.12728459,117.0,
2.220936,-0.51876885,0.1254724,0.0,
2.2220242,-0.51802456,0.12582882,0.0,
2.217128,-0.52118695,0.12467315,0.0,
2.2116225,-0.52204204,0.13053899,0.0,
2.220399,-0.52204204,0.13053899,0.0,
2.223957,-0.52073616,0.12876897,57.0,
2.207339,-0.5268914,0.13703938,0.0,
2.2109015,-0.5282752,0.12786928,0.0,
2.222711,-0.5249939,0.11953959,0.0,
2.2117493,-0.52619153,0.13226488,39.0,
2.2002432,-0.52868026,0.1431065,0.0,
2.2232215,-0.5185067,0.1356459,115.0,
2.2139556,-0.52659917,0.12788959,0.0,
2.21186,-0.52845037,0.12598431,0.0,
2.2040126,-0.52968675,0.13435371,0.0,
2.1938586,-0.53323764,0.14009418,0.0,
2.2011883,-0.53323764,0.14009418,0.0,
2.215399,-0.5295475,0.12879243,37.0,
2.2240705,-0.5244651,0.12961318,0.0,
2.2018354,-0.53071266,0.14630589,0.0,
2.1796265,-0.54054856,0.1536304,41.0,
2.2020967,-0.52988726,0.14825866,0.0,
2.2121086,-0.52988726,0.14825866,115.0,
2.2197962,-0.52415055,0.15198724,0.0,
2.2029724,-0.533053,0.15388022,0.0,
2.1859896,-0.54093474,0.15869366,0.0,
2.206895,-0.5284695,0.1606708,0.0,
2.1910067,-0.53852963,0.15751503,0.0,
2.1971588,-0.5370758,0.15160984,38.0,
2.2246463,-0.52351034,0.1462358,0.0,
2.2188773,-0.52536774,0.15011485,0.0,
2.205072,-0.5331305,0.15026039,45.0,
2.1974947,-0.5354558,0.1558565,0.0,
2.189789,-0.536103,0.16709581,110.0,
2.2020576,-0.536103,0.16709581,0.0,
2.1823478,-0.5472828,0.16692398,0.0,
2.1782126,-0.54906285,0.16860229,0.0,
2.2047367,-0.53762525,0.1581154,0.0,
2.195248,-0.54053104,0.16543001,0.0,
2.1918914,-0.5423997,0.16550072,56.0,
2.2024097,-0.5376209,0.16199324,0.0,
2.2189333,-0.5313097,0.15320136,0.0,
2.2088494,-0.53651434,0.15463054,0.0,
2.2062373,-0.53873724,0.15244985,39.0,
2.2101247,-0.53845835,0.14708187,1.0,
2.209021,-0.5400405,0.1443328,95.0,
2.2219222,-0.5400405,0.1443328,0.0,
2.2094173,-0.5495848,0.13674547,0.0,
2.2161546,-0.5385484,0.15739743,0.0,
2.2017097,-0.53642386,0.18837723,0.0,
2.1914778,-0.54090554,0.19342329,0.0,
2.1836157,-0.5483135,0.18413953,57.0,
2.1936326,-0.5427585,0.1834146,0.0,
2.220943,-0.5309092,0.17106734,0.0,
2.215682,-0.5286672,0.18646272,38.0,
2.1974373,-0.5329353,0.20755708,0.0,
2.210585,-0.5329353,0.20755708,118.0,
2.0855842,-0.60055095,0.22187868,2.0,
2.2107027,-0.5115576,0.2752478,0.0,
2.2220907,-0.50814426,0.26037616,0.0,
2.172449,-0.54449546,0.24926977,0.0,
2.1977098,-0.53122663,0.23894392,0.0,
2.1937978,-0.5429604,0.20810223,34.0,
2.171572,-0.5605185,0.19215307,0.0,
2.2307498,-0.5143912,0.22429997,0.0,
2.2312496,-0.51827043,0.21238203,59.0,
2.192342,-0.5406635,0.21862257,0.0,
2.2024662,-0.5382617,0.20641579,0.0,
2.2149997,-0.5382617,0.20641579,95.0,
2.21965,-0.53796595,0.19909264,0.0,
2.2191665,-0.5354759,0.20719457,0.0,
2.2068555,-0.5405558,0.21439807,0.0,
2.2138228,-0.536645,0.21339905,0.0,
2.229696,-0.52927995,0.2064555,58.0,
2.2049074,-0.54448193,0.20582888,0.0,
2.19099,-0.55134815,0.21004488,0.0,
2.1965764,-0.54879993,0.20769148,0.0,
2.206504,-0.5450514,0.20117411,38.0,
2.2039068,-0.54643166,0.20161213,0.0,
2.2219183,-0.539172,0.19176392,97.0,
2.2225065,-0.5410856,0.18536572,0.0,
2.2404056,-0.53553295,0.1722393,0.0,
2.2794905,-0.5193341,0.15575278,0.0,
2.2825325,-0.51757914,0.15559347,0.0,
2.2900178,-0.51757914,0.15559347,0.0,
2.2899027,-0.51492715,0.16145658,59.0,
2.2996867,-0.5033113,0.17325224,0.0,
2.2723472,-0.5199772,0.1739453,0.0,
2.2990623,-0.4974849,0.18644239,58.0,
2.3484004,-0.49196443,0.13531592,0.0,
2.342616,-0.47216424,0.1779177,0.0,
2.2979853,-0.49836603,0.18607153,96.0,
2.2974505,-0.49836603,0.18607153,0.0,
2.26519,-0.5161361,0.19183832,0.0,
2.2926846,-0.5037858,0.18100798,0.0,
2.311733,-0.49317876,0.17766896,0.0,
2.2946742,-0.50176096,0.18263972,39.0,
2.3001654,-0.5013309,0.17618713,0.0,
2.3194344,-0.4957508,0.16278794,0.0,
2.3285894,-0.49150914,0.15969084,58.0,
2.3236496,-0.49103072,0.16667578,0.0,
2.3111591,-0.49616942,0.17240706,0.0,
2.310509,-0.49688476,0.1718067,97.0,
2.3274338,-0.49084136,0.16236131,0.0,
2.33562,-0.48870894,0.15645191,0.0,
2.3502831,-0.47838423,0.15764098,0.0,
2.3470957,-0.47838423,0.15764098,0.0,
2.3431413,-0.4781514,0.16263336,38.0,
2.3287983,-0.47976065,0.1769676,0.0,
2.322149,-0.4763494,0.19191313,0.0,
2.3368995,-0.4730105,0.17940989,58.0,
2.3374143,-0.47506952,0.17502289,0.0,
2.3215277,-0.47829628,0.18896967,0.0,
2.3163235,-0.48353451,0.18552743,96.0,
2.3180995,-0.4840696,0.18220435,0.0,
2.307649,-0.4874944,0.18897866,0.0,
2.3010027,-0.49106812,0.1905104,0.0,
2.2943013,-0.49106812,0.1905104,0.0,
2.3166945,-0.4845938,0.17508608,58.0,
2.3309126,-0.47991717,0.16685432,0.0,
2.3370452,-0.47411507,0.17016615,0.0,
2.3312097,-0.47519678,0.17513673,0.0,
2.3203826,-0.4773795,0.18431975,60.0,
2.3104138,-0.4839073,0.18421659,0.0,
2.3120065,-0.48418114,0.18167672,0.0,
2.3061316,-0.48418114,0.18167672,94.0,
2.3028195,-0.48544207,0.18328807,0.0,
2.315144,-0.48064947,0.17752479,0.0,
2.3041854,-0.48063606,0.19112727,0.0,
2.2552278,-0.5067292,0.20011999,0.0,
2.2931218,-0.48588088,0.19476889,39.0,
2.3176117,-0.47827345,0.17906237,0.0,
2.3110723,-0.48351276,0.176945,0.0,
2.3127081,-0.48120248,0.1794144,59.0,
2.327871,-0.4733145,0.17603031,0.0,
2.320526,-0.4760005,0.17982838,0.0,
2.2945569,-0.48633522,0.19196746,98.0,
2.2869697,-0.48633522,0.19196746,3.0,
2.298449,-0.4808813,0.18858078,0.0,
2.3158422,-0.4753606,0.1781684,0.0,
2.3083897,-0.47789845,0.18223974,0.0,
2.2867198,-0.48710063,0.19069704,35.0,
2.2816842,-0.48902756,0.19312185,0.0,
2.2945006,-0.48723766,0.18071,0.0,
2.299104,-0.48574314,0.17810929,75.0,
2.2948065,-0.4873403,0.18012998,0.0,
2.295444,-0.4841865,0.1856906,0.0,
2.2944205,-0.48337284,0.18860811,0.0,
2.2816815,-0.48337284,0.18860811,76.0,
2.302784,-0.47511813,0.17919159,0.0,
2.315337,-0.46786305,0.17806295,0.0,
2.3016927,-0.47470763,0.18130144,0.0,
2.2825089,-0.48506007,0.18405926,58.0,
2.2993672,-0.47755626,0.17854095,0.0,
2.305124,-0.47517702,0.17629084,0.0,
2.2880762,-0.48225108,0.18291648,0.0,
2.2699447,-0.48994073,0.1896784,58.0,
2.2807539,-0.48771757,0.18072057,0.0,
2.2698586,-0.49338308,0.18233983,0.0,
2.2710445,-0.4888226,0.19067529,78.0,
2.2625196,-0.4888226,0.19067529,0.0,
2.2564504,-0.4939117,0.18725835,0.0,
2.2527335,-0.49653143,0.1861849,0.0,
2.2521317,-0.4943094,0.1920407,0.0,
2.2683077,-0.4885654,0.18380633,57.0,
2.280158,-0.48205456,0.18272294,0.0,
2.2780607,-0.48440737,0.18043192,0.0,
2.273732,-0.4859224,0.18262804,57.0,
2.2819068,-0.4828103,0.1790137,0.0,
2.273362,-0.48697197,0.18087067,0.0,
2.2615676,-0.49138466,0.1862591,97.0,
2.2561133,-0.49138466,0.1862591,0.0,
2.2647316,-0.48974326,0.17898329,0.0,
2.2680597,-0.48761186,0.1794381,0.0,
2.2657878,-0.48632652,0.18503019,0.0,
2.2619207,-0.4876805,0.18699783,38.0,
2.2401772,-0.49904194,0.18956201,0.0,
2.2692583,-0.48566908,0.18209215,0.0,
2.2699444,-0.48659948,0.17926717,78.0,
2.2599144,-0.48909235,0.18646365,0.0,
2.267268,-0.486213,0.1834138,0.0,
2.2519329,-0.4942429,0.18522723,0.0,
2.244943,-0.49763393,0.18655509,77.0,
2.246517,-0.49763393,0.18655509,0.0,
2.2513342,-0.4951393,0.1860337,0.0,
2.256524,-0.49702275,0.17532283,0.0,
2.266601,-0.4910645,0.17595474,58.0,
2.2716167,-0.48614493,0.18028128,0.0,
2.2727752,-0.4863423,0.17845781,0.0,
2.2734497,-0.4843186,0.18187559,0.0,
2.2631218,-0.48965144,0.18327273,59.0,
2.2595115,-0.4914282,0.18391788,0.0,
2.2555232,-0.4940898,0.18305974,0.0,
2.2598753,-0.49122727,0.18390174,76.0,
2.2654257,-0.4903884,0.17883444,0.0,
2.255809,-0.49493733,0.1808189,0.0,
2.2564883,-0.4937473,0.18260477,0.0,
2.262187,-0.4937473,0.18260477,0.0,
2.2568402,-0.49529514,0.18592227,58.0,
2.261516,-0.49423468,0.18237622,0.0,
2.2508967,-0.4994165,0.1842252,0.0,
2.2621856,-0.49441,0.18116061,78.0,
2.2638328,-0.4918867,0.18460137,0.0,
2.257578,-0.49394196,0.18799345,0.0,
2.259371,-0.49347126,0.18675339,0.0,
2.2654245,-0.49197343,0.18243001,76.0,
2.2712533,-0.49197343,0.18243001,0.0,
2.2772856,-0.49017504,0.17888448,0.0,
2.2807655,-0.48763052,0.17996626,0.0,
2.2830715,-0.4864599,0.17960198,38.0,
2.2766743,-0.4896874,0.18063776,0.0,
2.2733,-0.49139863,0.18114546,0.0,
2.2725265,-0.49042755,0.18414614,80.0,
2.2733512,-0.49220356,0.1793857,0.0,
2.2676,-0.49401176,0.18256615,0.0,
2.2706878,-0.49094287,0.18532224,0.0,
2.2702057,-0.49094287,0.18532224,76.0,
2.2511609,-0.5012046,0.18668324,0.0,
2.2689865,-0.4928996,0.1826448,0.0,
2.324553,-0.46852285,0.1659602,0.0,
2.3022544,-0.4707437,0.18730569,58.0,
2.237658,-0.5023151,0.20200881,0.0,
2.248657,-0.50133485,0.1896124,0.0,
2.2774422,-0.4877452,0.18317686,0.0,
2.266566,-0.4911545,0.18941762,58.0,
2.2878401,-0.47822994,0.1899885,0.0,
2.2799716,-0.4838372,0.18819512,0.0,
2.281166,-0.4838372,0.18819512,76.0,
2.2927728,-0.4757622,0.1903663,0.0,
2.2940378,-0.47671998,0.18693484,0.0,
2.292899,-0.47893378,0.18391465,0.0,
2.3121908,-0.4673903,0.18337859,60.0,
2.311263,-0.46960232,0.18032509,0.0,
2.2838469,-0.48304406,0.18654685,0.0,
2.2790399,-0.48732468,0.18357866,0.0,
2.2852273,-0.48266593,0.18564181,77.0,
2.2795327,-0.4867941,0.18407924,0.0,
2.251654,-0.5019453,0.18587749,0.0,
2.2248862,-0.5137476,0.19298297,0.0,
2.223609,-0.5137476,0.19298297,75.0,
2.2594273,-0.5075911,0.16210967,0.0,
2.3793156,-0.45903265,0.12623835,0.0,
2.488171,-0.4167773,0.08793368,0.0,
2.576169,-0.3654179,0.06964471,38.0,
2.4804738,-0.4094852,0.10234597,0.0,
2.3509603,-0.47280475,0.13134514,0.0,
2.4078941,-0.44263142,0.12376465,79.0,
2.3415365,-0.4591405,0.1635703,0.0,
2.3597207,-0.44703835,0.16419439,0.0,
2.361709,-0.4346589,0.18187714,0.0,
2.320444,-0.44179627,0.21898185,75.0,
2.316881,-0.44179627,0.21898185,0.0,
2.3350956,-0.4331342,0.21140507,0.0,
2.3926792,-0.41069257,0.18022315,0.0,
2.3456585,-0.45951045,0.15430835,43.0,
2.3504171,-0.44764414,0.1689178,0.0,
2.2746902,-0.47002,0.2190798,0.0,
2.2600007,-0.47286686,0.23375827,95.0,
2.2492576,-0.48145607,0.22974822,0.0,
2.223926,-0.49314788,0.23991363,0.0,
2.1732984,-0.51559705,0.26436937,0.0,
2.1638145,-0.52089226,0.26561913,0.0,
2.1769147,-0.52089226,0.26561913,55.0,
2.188222,-0.52123743,0.2437759,0.0,
2.2255936,-0.5115203,0.2117581,0.0,
2.29771,-0.48216495,0.18387362,59.0,
2.3079011,-0.47451103,0.18669388,0.0,
2.3158796,-0.46022794,0.2040549,0.0,
2.2910576,-0.47765055,0.20092234,0.0,
2.1882322,-0.5152946,0.261971,78.0,
2.1144326,-0.5348938,0.3714065,0.0,
2.0993333,-0.5455355,0.36774254,0.0,
1.9605764,-0.63611716,0.5192871,0.0,
1.9822323,-0.63611716,0.5192871,73.0,
1.9614931,-0.6519966,0.5331296,0.0,
2.074042,-0.57359445,0.42865893,0.0,
2.073082,-0.5797753,0.3772007,0.0,
2.038215,-0.5968817,0.43856227,38.0,
2.0611334,-0.58196735,0.43272182,0.0,
2.103773,-0.5644536,0.35297036,0.0,
2.1318448,-0.54955244,0.34035912,78.0,
2.0700672,-0.5838226,0.35937282,0.0,
2.07724,-0.578723,0.36548308,0.0,
2.139307,-0.54845595,0.32450435,0.0,
2.1823547,-0.5294461,0.29695773,77.0,
2.2097824,-0.5294461,0.29695773,0.0,
2.2344544,-0.51949924,0.28196633,0.0,
2.2992594,-0.49972525,0.23422393,0.0,
2.3626912,-0.48403174,0.19003983,40.0,
2.3525941,-0.49159497,0.18787643,0.0,
2.3462472,-0.4956843,0.18748364,0.0,
2.3843813,-0.48497456,0.16685729,95.0,
2.4172306,-0.47651955,0.14904311,0.0,
2.4161642,-0.47633073,0.1502573,0.0,
2.442914,-0.4687502,0.13725547,0.0,
2.4049518,-0.48103967,0.15360938,0.0,
2.372217,-0.49149126,0.16831207,57.0,
2.3790357,-0.49149126,0.16831207,0.0,
2.3831844,-0.49773005,0.1546302,0.0,
2.3830953,-0.50162876,0.1486629,58.0,
2.3369763,-0.509874,0.17943744,0.0,
2.333971,-0.5052749,0.19091076,0.0,
2.328741,-0.51116645,0.18573073,0.0,
2.336851,-0.51263136,0.17462985,78.0,
2.3584125,-0.50155437,0.17214179,0.0,
2.3782694,-0.49057454,0.17050466,0.0,
2.3575687,-0.49682984,0.18093966,0.0,
2.364451,-0.49682984,0.18093966,56.0,
2.380525,-0.49116194,0.17399772,0.0,
2.4055028,-0.48401344,0.16091393,0.0,
2.4067848,-0.4887348,0.152819,0.0,
2.4114232,-0.48872486,0.14865068,61.0,
2.3888927,-0.49561614,0.15900213,0.0,
2.3792126,-0.50299454,0.15654103,0.0,
2.3830976,-0.5014525,0.15535103,94.0,
2.3794005,-0.50059134,0.16016343,0.0,
2.361885,-0.50772536,0.16535828,0.0,
2.3703852,-0.5071039,0.15824358,0.0,
2.3720884,-0.5092206,0.15323134,0.0,
2.3895411,-0.502998,0.14708175,57.0,
2.3733373,-0.508448,0.1533169,0.0,
2.3776565,-0.508448,0.1533169,0.0,
2.3831072,-0.5063193,0.15160975,39.0,
2.3776543,-0.50693,0.15574339,0.0,
2.3929803,-0.5018102,0.14949092,0.0,
2.384194,-0.50202405,0.15733577,97.0,
2.3906949,-0.5006757,0.15333857,0.0,
2.3832467,-0.502673,0.15721142,0.0,
2.3846385,-0.5034223,0.1547257,0.0,
2.3857193,-0.50413424,0.15260477,0.0,
2.3691664,-0.50678694,0.16411822,57.0,
2.379163,-0.50678694,0.16411822,0.0,
2.3777509,-0.50418794,0.16970944,0.0,
2.391771,-0.49741945,0.16661468,59.0,
2.3848224,-0.4971339,0.17395319,0.0,
2.3772736,-0.4989925,0.17862879,0.0,
2.3855765,-0.49990067,0.16881219,0.0,
2.395766,-0.50020856,0.15846014,77.0,
2.3772883,-0.5051801,0.16856085,0.0,
2.3502576,-0.5163411,0.1771643,0.0,
2.3501034,-0.5183099,0.17385718,0.0,
2.3832288,-0.50832564,0.15773255,57.0,
2.3919792,-0.50832564,0.15773255,0.0,
2.390907,-0.50783426,0.15953138,0.0,
2.3994439,-0.50009614,0.16326392,59.0,
2.4012594,-0.49746048,0.1655227,0.0,
2.4198337,-0.48917943,0.15988973,0.0,
2.421923,-0.48693416,0.16112852,0.0,
2.3922365,-0.49770814,0.17410462,96.0,
2.4053,-0.49263352,0.1688756,0.0,
2.401388,-0.49417242,0.17041194,0.0,
2.3912244,-0.49642667,0.17714706,0.0,
2.3678539,-0.50398916,0.18928112,0.0,
2.3556254,-0.50398916,0.18928112,57.0,
2.3829422,-0.4934022,0.17737477,0.0,
2.41474,-0.4857043,0.15690799,0.0,
2.4058352,-0.49675727,0.14913577,38.0,
2.3985305,-0.49603784,0.15730976,0.0,
2.411106,-0.4908929,0.15280332,0.0,
2.3762064,-0.50004286,0.17364992,98.0,
2.3704066,-0.503311,0.17433836,0.0,
2.354825,-0.5103812,0.17890668,0.0,
2.3649056,-0.5077017,0.17274007,0.0,
2.3771694,-0.4974625,0.17687832,0.0,
2.3745935,-0.4984859,0.17793053,57.0,
2.3334162,-0.4984859,0.17793053,0.0,
2.3464859,-0.4980254,0.16393991,0.0,
2.3394241,-0.50478995,0.1595942,40.0,
2.3451223,-0.5085875,0.14672016,0.0,
2.1741495,-0.56783706,0.23488311,0.0,
2.2512977,-0.5406779,0.19118,114.0,
2.398124,-0.4877654,0.12797819,0.0,
2.346147,-0.49725467,0.16568169,0.0,
2.2312882,-0.5459629,0.20608848,0.0,
2.3206239,-0.5235967,0.14503495,0.0,
2.3304949,-0.5469312,0.09248392,0.0,
2.3317225,-0.5497135,0.086453624,38.0,
2.300418,-0.5497135,0.086453624,0.0,
2.3496015,-0.5111551,0.1099086,57.0,
2.4342837,-0.4974495,0.056850143,0.0,
2.6020274,-0.44168696,-0.0025213233,0.0,
2.5943751,-0.43510866,0.008224855,0.0,
2.5148218,-0.44636047,0.055192795,97.0,
2.268495,-0.53327864,0.15554999,0.0,
2.4000876,-0.43647468,0.17614318,0.0,
2.5054862,-0.36167026,0.15532586,0.0,
2.4846525,-0.35361558,0.18739542,0.0,
2.4280412,-0.40933123,0.18278994,57.0,
2.419199,-0.40933123,0.18278994,0.0,
2.402214,-0.420955,0.18599036,0.0,
2.3944993,-0.3871898,0.246881,39.0,
2.3761692,-0.38276976,0.2809787,0.0,
2.3867042,-0.34866053,0.31875166,0.0,
2.4225922,-0.35370463,0.25621566,97.0,
2.4466197,-0.34987152,0.22892685,0.0,
2.4082384,-0.36760402,0.25673103,0.0,
2.3659127,-0.37980357,0.3024364,0.0,
2.353696,-0.39093462,0.30348572,0.0,
2.350822,-0.39093462,0.30348572,57.0,
2.343616,-0.3403658,0.4074896,0.0,
2.4243577,-0.26026395,0.37943146,0.0,
2.1977682,-0.5118097,0.29566282,40.0,
2.393577,-0.35714996,0.29279923,0.0,
2.4336345,-0.31223768,0.29701537,0.0,
2.3307924,-0.38665113,0.34544617,115.0,
2.2363682,-0.4463107,0.40910625,0.0,
2.229623,-0.44373617,0.43664813,0.0,
2.2710414,-0.4131586,0.4125696,0.0,
2.3077888,-0.399614,0.3630662,0.0,
2.3092906,-0.39675385,0.36612475,0.0,
2.3050044,-0.38568172,0.3988309,38.0,
2.316677,-0.38568172,0.3988309,0.0,
2.2850964,-0.40388188,0.42410156,58.0,
2.282114,-0.40430027,0.42972085,0.0,
2.2687252,-0.4088796,0.44974986,0.0,
2.2896237,-0.39834267,0.42700666,0.0,
2.3248522,-0.372883,0.40841362,97.0,
2.3562315,-0.34026423,0.40879077,0.0,
2.3237453,-0.3614356,0.4330763,0.0,
2.311683,-0.37155002,0.43788317,0.0,
2.3172684,-0.3842682,0.40053493,0.0,
2.327907,-0.3842682,0.40053493,38.0,
2.3295999,-0.38556108,0.39529052,0.0,
2.3039224,-0.38319978,0.44648033,0.0,
2.2734454,-0.39621925,0.4825321,57.0,
2.2603414,-0.39925143,0.5069636,0.0,
2.2672179,-0.4025159,0.48161027,0.0,
2.2746673,-0.40654063,0.4549857,117.0,
2.2517066,-0.4140636,0.4893506,0.0,
2.2424421,-0.41996852,0.49682015,0.0,
2.2696753,-0.4087632,0.46055198,0.0,
2.2595208,-0.41224578,0.4750741,0.0,
2.2414565,-0.42315236,0.49029082,0.0,
2.2553184,-0.42315236,0.49029082,37.0,
2.2346983,-0.43569458,0.503645,0.0,
2.2312858,-0.44134134,0.49568272,39.0,
2.2228434,-0.44492814,0.50564295,0.0,
2.2267568,-0.44502097,0.49580857,0.0,
2.203578,-0.4631959,0.49713933,116.0,
2.1965456,-0.47095633,0.4894814,0.0,
2.2319286,-0.43001062,0.5269301,0.0,
2.2371876,-0.43348902,0.50392157,0.0,
2.2527122,-0.42829898,0.48278475,0.0,
2.2545722,-0.41791704,0.50537115,0.0,
2.2477727,-0.4232768,0.50694495,37.0,
2.2680447,-0.4232768,0.50694495,0.0,
2.2680645,-0.42761624,0.49674037,58.0,
2.257552,-0.4279235,0.5165664,0.0,
2.1849093,-0.4634499,0.5913074,0.0,
2.1667497,-0.46426046,0.6574685,0.0,
2.1362443,-0.49745142,0.61976475,97.0,
2.0484772,-0.5685328,0.5609138,0.0,
2.0777698,-0.552462,0.5359535,0.0,
2.2014208,-0.43703383,0.63654816,0.0,
2.2345417,-0.3771596,0.72671825,0.0,
2.3054485,-0.34767985,0.59619206,37.0,
2.3157294,-0.34767985,0.59619206,0.0,
2.5386407,-0.35714254,0.3164053,60.0,
2.783087,-0.34763134,0.16065703,0.0,
2.726203,-0.26095954,0.24188636,0.0,
2.7687914,-0.18104173,0.2484643,0.0,
2.8233426,-0.19464934,0.19979094,115.0,
2.8849466,-0.12151284,0.17625113,0.0,
2.9602165,-0.120218925,0.11728875,0.0,
2.92673,-0.17405088,0.13014993,0.0,
2.961006,-0.16977662,0.10655769,0.0,
2.9868333,-0.19275658,0.08417442,0.0,
2.9757607,-0.19275658,0.08417442,37.0,
2.9275668,-0.21396954,0.109106794,0.0,
2.8191946,-0.25180253,0.16289502,39.0,
2.803219,-0.32852012,0.14000139,0.0,
2.8201482,-0.4634399,0.075123414,0.0,
2.888428,-0.48672998,0.046914946,116.0,
2.9029634,-0.35053673,0.084539205,0.0,
2.849034,-0.25679746,0.14311631,0.0,
2.5775898,-0.31770355,0.2821945,0.0,
2.3689187,-0.42452443,0.32593504,0.0,
2.3535163,-0.47311223,0.26673687,0.0,
2.3221266,-0.47311223,0.26673687,37.0,
2.395777,-0.48243216,0.21078461,0.0,
2.3124323,-0.49279606,0.24178155,41.0,
2.2116292,-0.51041776,0.27799934,0.0,
2.107585,-0.5366055,0.3050723,0.0,
1.9114408,-0.5984422,0.30285275,115.0,
1.9289471,-0.5918993,0.3132525,0.0,
1.962774,-0.5848132,0.29581374,0.0,
2.1974137,-0.53736615,0.23074505,0.0,
2.4970455,-0.5027682,0.14502555,0.0,
2.724432,-0.47951543,0.09152417,0.0,
2.775811,-0.49069083,0.07167887,38.0,
2.7082713,-0.49069083,0.07167887,0.0,
2.6638885,-0.4308886,0.12438588,59.0,
2.7210314,-0.3920846,0.1242883,0.0,
2.7211175,-0.3533513,0.14600717,0.0,
2.6476784,-0.30693436,0.21589547,0.0,
2.6183596,-0.40393037,0.16339843,117.0,
2.5941029,-0.4565129,0.13343881,0.0,
2.574862,-0.45768273,0.14017297,0.0,
2.585168,-0.46580908,0.12941001,0.0,
2.5754328,-0.47676715,0.124001764,0.0,
2.5648272,-0.4784968,0.12642846,0.0,
2.4544382,-0.4784968,0.12642846,35.0,
2.4363782,-0.495281,0.11523206,0.0,
2.4674675,-0.48440215,0.11421176,43.0,
2.4845326,-0.47746345,0.11429236,0.0,
2.5078342,-0.47558868,0.10640823,0.0,
2.5098634,-0.4829449,0.09838304,116.0,
2.4347818,-0.50482136,0.10478687,0.0,
2.4613774,-0.5142444,0.08416285,0.0,
2.5075054,-0.50574225,0.07694066,0.0,
2.6471372,-0.47562173,0.0554691,0.0,
2.6202793,-0.45409533,0.080488294,0.0,
2.5116725,-0.45409533,0.080488294,34.0,
2.4353526,-0.4740708,0.09629057,0.0,
2.4351985,-0.47822368,0.0914692,41.0,
2.3632855,-0.5000994,0.09962254,0.0,
2.4185028,-0.48421377,0.092514455,0.0,
2.5133328,-0.47614345,0.058191683,134.0,
2.4766827,-0.48076072,0.06927602,0.0,
2.4169903,-0.48963365,0.0865942,0.0,
2.4779747,-0.47032964,0.07978701,0.0,
2.588848,-0.44471055,0.054024562,0.0,
2.6470926,-0.4348913,0.03690203,0.0,
2.5226917,-0.46321556,0.06661728,0.0,
2.404408,-0.46321556,0.06661728,17.0,
2.2520149,-0.48667926,0.13385433,62.0,
2.114315,-0.53007376,0.1631592,0.0,
2.142859,-0.5315319,0.12882826,0.0,
2.2468963,-0.49571666,0.120434865,0.0,
2.4111905,-0.43651187,0.09632497,116.0,
2.2592518,-0.4874631,0.12645043,0.0,
2.2445974,-0.48924878,0.13502449,0.0,
2.1127458,-0.5386823,0.13889867,0.0,
2.1714735,-0.5139807,0.1463868,0.0,
2.1712253,-0.51008815,0.1563373,0.0,
2.1115978,-0.51008815,0.1563373,15.0,
2.1377428,-0.5022695,0.14507286,0.0,
2.195268,-0.4895746,0.11283341,58.0,
2.2184024,-0.48652515,0.09732903,0.0,
2.2003853,-0.49327308,0.099347636,0.0,
2.17008,-0.5011855,0.110717066,120.0,
2.1918228,-0.48845235,0.118988425,0.0,
2.1945913,-0.48120773,0.13311628,0.0,
2.2223678,-0.47436368,0.11957679,0.0,
2.1776314,-0.49535704,0.11725315,0.0,
2.210076,-0.48171422,0.115794495,0.0,
2.1642776,-0.48171422,0.115794495,34.0,
2.181014,-0.47459868,0.11270375,0.0,
2.145326,-0.48923934,0.12062914,38.0,
2.1018531,-0.5049298,0.13729404,0.0,
2.0847738,-0.512355,0.13975444,0.0,
2.1100976,-0.5054614,0.12212728,135.0,
2.124018,-0.49917573,0.12138968,0.0,
2.153504,-0.48601583,0.118477166,0.0,
2.1499152,-0.49050704,0.11066927,0.0,
2.1233392,-0.5014262,0.11529379,0.0,
2.1138113,-0.50226045,0.12699728,0.0,
2.1483216,-0.48794982,0.12015294,0.0,
2.2024727,-0.48794982,0.12015294,19.0,
2.2334435,-0.47310737,0.11561955,58.0,
2.1911108,-0.4922074,0.12464979,0.0,
2.2199192,-0.47879303,0.11961227,0.0,
2.1942334,-0.4904177,0.12501334,0.0,
2.1774049,-0.4978551,0.12880355,115.0,
2.169418,-0.50228524,0.12797841,0.0,
2.2020717,-0.4904451,0.11441814,0.0,
2.2042027,-0.4889202,0.11543946,0.0,
2.188683,-0.49292603,0.12613215,0.0,
2.1801977,-0.495282,0.13186362,0.0,
2.1986349,-0.495282,0.13186362,19.0,
2.202197,-0.492983,0.13266966,0.0,
2.2034705,-0.49717286,0.119821064,60.0,
2.2176092,-0.4918493,0.11368871,0.0,
2.2206657,-0.48788086,0.11926585,0.0,
2.209869,-0.4911223,0.12630102,133.0,
2.1985981,-0.49540082,0.13160019,0.0,
2.1823466,-0.50293523,0.13564251,0.0,
2.1953168,-0.4920278,0.14579321,0.0,
2.1601307,-0.5042965,0.16954376,0.0,
2.2878597,-0.44002962,0.13467765,0.0,
2.2995827,-0.4480294,0.1049228,0.0,
2.3018074,-0.4480294,0.1049228,19.0,
2.2882893,-0.46674243,0.084993385,39.0,
2.1969783,-0.50577533,0.11323357,0.0,
2.156685,-0.50991535,0.16866143,0.0,
2.298652,-0.45135602,0.102419965,140.0,
2.339627,-0.4245455,0.10220653,0.0,
2.2426617,-0.46441683,0.14970435,0.0,
2.19758,-0.4747968,0.19929391,0.0,
2.278596,-0.40720022,0.22027703,0.0,
2.3091795,-0.3652292,0.25189477,0.0,
2.2782266,-0.39086625,0.2562803,0.0,
2.2868378,-0.39086625,0.2562803,15.0,
2.2874897,-0.39231613,0.25205055,43.0,
2.323925,-0.38461086,0.2070166,0.0,
2.3159914,-0.3847011,0.21910204,0.0,
2.2735848,-0.38880566,0.28623644,131.0,
2.2482715,-0.3954256,0.3259688,0.0,
2.272574,-0.38021553,0.3078686,0.0,
2.4997275,-0.2201565,0.18513757,0.0,
2.4356673,-0.2752339,0.20898633,0.0,
2.402863,-0.26509076,0.27021298,1.0,
2.1879048,-0.42267647,0.42369246,0.0,
2.1809843,-0.42267647,0.42369246,17.0,
2.1629913,-0.4342464,0.44689706,58.0,
2.2469893,-0.3560701,0.4252741,0.0,
2.2041879,-0.41499132,0.3756912,0.0,
2.0370712,-0.5424924,0.44394836,0.0,
2.1198537,-0.47857326,0.41432768,135.0,
1.9718919,-0.5989948,0.1823637,0.0,
2.1310198,-0.5139175,0.21376015,0.0,
2.1574366,-0.46028882,0.35394818,0.0,
2.1436546,-0.4530627,0.4424731,0.0,
2.0984125,-0.49977213,0.38759658,0.0,
2.1199787,-0.45769826,0.63139534,0.0,
2.132203,-0.45769826,0.63139534,18.0,
2.1512098,-0.42885023,0.82148504,39.0,
2.1146607,-0.49494773,0.89337784,0.0,
2.041156,-0.6168172,0.93338853,0.0,
2.0795548,-0.5564366,0.9215172,138.0,
2.1383135,-0.45509094,0.8823651,0.0,
2.1395743,-0.44731912,0.83144,0.0,
2.1350784,-0.45741716,0.8613995,0.0,
2.1267393,-0.48171887,0.92233694,0.0,
2.1236672,-0.48662564,0.92134595,0.0,
2.1253455,-0.470963,0.8501222,0.0,
2.1381078,-0.470963,0.8501222,16.0,
2.1531677,-0.4513085,0.79863936,42.0,
2.1274428,-0.48370367,0.81975853,0.0,
2.0780616,-0.56028485,0.92409134,0.0,
2.078256,-0.53793037,0.77004457,51.0,
2.0733943,-0.54069656,0.7293086,0.0,
2.22351,-0.36516204,0.74683976,2.0,
2.1024084,-0.5170213,0.6033972,26.0,
2.1058292,-0.5170213,0.6033972,80.0,
2.406573,-0.3328676,0.43267682,155.0,
2.4225767,-0.2761281,0.48537046,0.0,
2.4242415,-0.25351414,0.5114821,0.0,
2.461669,-0.25507146,0.45510396,0.0,
2.4855268,-0.2789817,0.39868897,0.0,
2.4476953,-0.31078348,0.4084234,0.0,
2.3734274,-0.33547992,0.47613102,0.0,
2.3709614,-0.33547992,0.47613102,38.0,
2.3497555,-0.3291116,0.5156533,0.0,
2.3707528,-0.3039088,0.52293825,0.0,
2.4265223,-0.27913645,0.47949144,109.0,
2.4763954,-0.27458975,0.42537338,0.0,
2.4720569,-0.29300743,0.41037086,0.0,
2.5227084,-0.23252922,0.41617683,0.0,
2.4076524,-0.3597434,0.39886698,0.0,
2.4286137,-0.29749903,0.45442387,0.0,
2.4161696,-0.31345093,0.44945124,84.0,
2.3945808,-0.32937127,0.45465133,0.0,
2.3727396,-0.33258176,0.47803822,0.0,
2.3532908,-0.33372214,0.503206,0.0,
2.3460724,-0.33372214,0.503206,0.0,
2.3516297,-0.33902037,0.4883855,78.0,
2.383472,-0.3287662,0.46634334,0.0,
2.427813,-0.2841951,0.4738545,0.0,
2.3909466,-0.33784285,0.4461214,0.0,
2.4237351,-0.30486766,0.45358837,37.0,
2.415984,-0.31354225,0.45112815,0.0,
2.3847878,-0.32176682,0.47435203,0.0,
2.365369,-0.3204475,0.49895707,0.0,
2.3749824,-0.31338024,0.49727035,81.0,
2.3741925,-0.31338024,0.49727035,0.0,
2.4036539,-0.30866957,0.4738543,0.0,
2.3966844,-0.3118083,0.47668427,0.0,
2.3531086,-0.32634062,0.50159895,0.0,
